/*
 Navicat Premium Data Transfer

 Source Server         : Local
 Source Server Type    : MariaDB
 Source Server Version : 100413
 Source Host           : localhost:3306
 Source Schema         : indicadores

 Target Server Type    : MariaDB
 Target Server Version : 100413
 File Encoding         : 65001

 Date: 23/07/2020 22:36:34
*/

SET NAMES utf8mb4;
SET FOREIGN_KEY_CHECKS = 0;

-- ----------------------------
-- Table structure for cat_bancos
-- ----------------------------
DROP TABLE IF EXISTS `cat_bancos`;
CREATE TABLE `cat_bancos`  (
  `id_banco` int(6) NOT NULL,
  `nom_banco` char(50) CHARACTER SET latin1 COLLATE latin1_swedish_ci NULL DEFAULT NULL
) ENGINE = InnoDB CHARACTER SET = latin1 COLLATE = latin1_swedish_ci ROW_FORMAT = Dynamic;

-- ----------------------------
-- Records of cat_bancos
-- ----------------------------
INSERT INTO `cat_bancos` VALUES (100, 'Bancomer');
INSERT INTO `cat_bancos` VALUES (110, 'Bancomer Cheques');
INSERT INTO `cat_bancos` VALUES (200, 'HSBC');
INSERT INTO `cat_bancos` VALUES (300, 'Santander');
INSERT INTO `cat_bancos` VALUES (400, 'Banorte');
INSERT INTO `cat_bancos` VALUES (500, 'Banamex');

-- ----------------------------
-- Table structure for cat_conceptos
-- ----------------------------
DROP TABLE IF EXISTS `cat_conceptos`;
CREATE TABLE `cat_conceptos`  (
  `cve_cpto` char(2) CHARACTER SET latin1 COLLATE latin1_swedish_ci NOT NULL,
  `concepto` char(100) CHARACTER SET latin1 COLLATE latin1_swedish_ci NULL DEFAULT NULL,
  `perd-ded` char(1) CHARACTER SET latin1 COLLATE latin1_swedish_ci NULL DEFAULT NULL
) ENGINE = InnoDB CHARACTER SET = latin1 COLLATE = latin1_swedish_ci ROW_FORMAT = Dynamic;

-- ----------------------------
-- Records of cat_conceptos
-- ----------------------------
INSERT INTO `cat_conceptos` VALUES ('01', 'Sueldo', 'P');
INSERT INTO `cat_conceptos` VALUES ('02', 'Compensación de la plaza', 'P');
INSERT INTO `cat_conceptos` VALUES ('03', 'Aguinaldo', 'P');
INSERT INTO `cat_conceptos` VALUES ('04', 'Prima Vacacional', 'P');
INSERT INTO `cat_conceptos` VALUES ('05', 'Beneficio de supervivencia de seguridad social', 'P');
INSERT INTO `cat_conceptos` VALUES ('06', 'Bono de estimulo al personal Doc por 25 años de Serv.', 'P');
INSERT INTO `cat_conceptos` VALUES ('07', 'Estimulos al Personal Docente', 'P');
INSERT INTO `cat_conceptos` VALUES ('08', 'Estimulo de CM XV Etapa', 'P');
INSERT INTO `cat_conceptos` VALUES ('09', 'Asignación Docente', 'P');
INSERT INTO `cat_conceptos` VALUES ('10', 'Material Didáctico', 'P');
INSERT INTO `cat_conceptos` VALUES ('11', 'Carrera Administrativa Nivel 3', 'P');
INSERT INTO `cat_conceptos` VALUES ('12', 'NO UTILIZAR', 'P');
INSERT INTO `cat_conceptos` VALUES ('13', 'Despensa', 'P');
INSERT INTO `cat_conceptos` VALUES ('14', 'Asignación Pedagógica', 'P');
INSERT INTO `cat_conceptos` VALUES ('15', 'Quinquenios (Docentes BAS Y SUP) Y (Adminitrativos Superior)', 'P');
INSERT INTO `cat_conceptos` VALUES ('16', 'Fortalecimiento Curricular', 'P');
INSERT INTO `cat_conceptos` VALUES ('17', 'Previsión Social Multiple', 'P');
INSERT INTO `cat_conceptos` VALUES ('18', 'Titulación', 'P');
INSERT INTO `cat_conceptos` VALUES ('19', 'Quinquenio Administrativo (basico y Teles)', 'P');
INSERT INTO `cat_conceptos` VALUES ('20', 'Carrera Administrativa Inicial', 'P');
INSERT INTO `cat_conceptos` VALUES ('21', 'Guarderia', 'P');
INSERT INTO `cat_conceptos` VALUES ('22', 'Estimulo al Trabajo', 'P');
INSERT INTO `cat_conceptos` VALUES ('23', 'COMPENSACION TRAB SOCIAL', 'P');
INSERT INTO `cat_conceptos` VALUES ('24', 'Otras Percepciones (lentes, ortopedicos,etc)', 'P');
INSERT INTO `cat_conceptos` VALUES ('25', 'NO UTILIZAR', 'P');
INSERT INTO `cat_conceptos` VALUES ('26', 'Carrera Administrativa Nivel 2', 'P');
INSERT INTO `cat_conceptos` VALUES ('27', 'Servicio Cocurricular', 'P');
INSERT INTO `cat_conceptos` VALUES ('28', 'Bono de Utiles Escolares', 'P');
INSERT INTO `cat_conceptos` VALUES ('29', 'Dias económicos no disfrutados superior', 'P');
INSERT INTO `cat_conceptos` VALUES ('30', 'Compensación Provisional Compactable', 'P');
INSERT INTO `cat_conceptos` VALUES ('31', 'Ayuda para Personal Administrativo (YS y 46)', 'P');
INSERT INTO `cat_conceptos` VALUES ('32', 'Prevision Social', 'P');
INSERT INTO `cat_conceptos` VALUES ('33', 'Carrera Administrativa Nivel 1', 'P');
INSERT INTO `cat_conceptos` VALUES ('34', 'Cuota Unitaria Anual (Supervisores)', 'P');
INSERT INTO `cat_conceptos` VALUES ('35', 'Bono de Transición', 'P');
INSERT INTO `cat_conceptos` VALUES ('36', 'Comp. Por Actuacion y productividad', 'P');
INSERT INTO `cat_conceptos` VALUES ('37', 'Estimulos al Personal de Apoyo y Asistencia', 'P');
INSERT INTO `cat_conceptos` VALUES ('38', 'Bono de 5 Dias de Sueldo Tabular', 'P');
INSERT INTO `cat_conceptos` VALUES ('39', 'Bono de Despensa', 'P');
INSERT INTO `cat_conceptos` VALUES ('40', 'Compensación Temporal Compactable', 'P');
INSERT INTO `cat_conceptos` VALUES ('41', 'Asignación por Actividades Culturales', 'P');
INSERT INTO `cat_conceptos` VALUES ('42', 'Bono de Inicio del Ciclo Escolar', 'P');
INSERT INTO `cat_conceptos` VALUES ('43', 'Bono de Organización del Ciclo Escolar', 'P');
INSERT INTO `cat_conceptos` VALUES ('44', 'Bono de 7 Dias', 'P');
INSERT INTO `cat_conceptos` VALUES ('45', 'Bono de 460 Cendis', 'P');
INSERT INTO `cat_conceptos` VALUES ('46', 'Asignacion de Apoyo a la Docencia', 'P');
INSERT INTO `cat_conceptos` VALUES ('47', 'Ajuste de Calendario', 'P');
INSERT INTO `cat_conceptos` VALUES ('48', 'Bono de Transporte', 'P');
INSERT INTO `cat_conceptos` VALUES ('49', 'Subsidio ISPT', 'P');
INSERT INTO `cat_conceptos` VALUES ('4A', 'Bono Maestros frente a grupo de TELES', 'P');
INSERT INTO `cat_conceptos` VALUES ('4B', 'Comp. Personal Escuelas Unitarias (E3)', 'P');
INSERT INTO `cat_conceptos` VALUES ('2A', 'BONO CARRERA TECNICA ADMVA Y DE SERV', 'P');
INSERT INTO `cat_conceptos` VALUES ('2B', 'BONO ADQUISICION DE  LIBROS', 'P');
INSERT INTO `cat_conceptos` VALUES ('2C', 'BONO PERSONAL CONSEJO TECNICO DE CENDIS', 'P');
INSERT INTO `cat_conceptos` VALUES ('2D', 'PUNTUALIDAD Y ASISTENCIA', 'P');
INSERT INTO `cat_conceptos` VALUES ('2E', 'BONO 3 DIAS', 'P');
INSERT INTO `cat_conceptos` VALUES ('2F', 'BONO PERSONAL DE APOYO DE CENDIS', 'P');
INSERT INTO `cat_conceptos` VALUES ('2G', 'BONO TRAB SOCIALES POR AÑOS DE SERVICIO', 'P');
INSERT INTO `cat_conceptos` VALUES ('2H', 'BONO DOCENTES DE SUPERIOR', 'P');
INSERT INTO `cat_conceptos` VALUES ('2I', 'Comp. Adicional por servicios especiales', 'P');
INSERT INTO `cat_conceptos` VALUES ('2J', 'BONO ANUAL ADMVO', 'P');
INSERT INTO `cat_conceptos` VALUES ('2K', 'BONO DE PERSONAL DOCENTE NO CARR MAG', 'P');
INSERT INTO `cat_conceptos` VALUES ('2L', 'BONO TAQUIMECANOGAFAS', 'P');
INSERT INTO `cat_conceptos` VALUES ('2M', 'BONO 5 DIAS', 'P');
INSERT INTO `cat_conceptos` VALUES ('2N', 'AJUSTE CALENDARIO Y SUPERIOR', 'P');
INSERT INTO `cat_conceptos` VALUES ('2O', 'DIAS DE DESC OBLIGATORIO', 'P');
INSERT INTO `cat_conceptos` VALUES ('2P', 'BONO NAVIDEÑO', 'P');
INSERT INTO `cat_conceptos` VALUES ('2Q', 'BONO DESPENSA', 'P');
INSERT INTO `cat_conceptos` VALUES ('2R', 'BONO MEDICOS', 'P');
INSERT INTO `cat_conceptos` VALUES ('2S', 'BONO BONO DE TRANSICION', 'P');
INSERT INTO `cat_conceptos` VALUES ('2T', 'BONO ASIS DE COCINA', 'P');
INSERT INTO `cat_conceptos` VALUES ('2U', 'BONO TELES ADMVOS', 'P');
INSERT INTO `cat_conceptos` VALUES ('2V', 'BONO PENSIONADOS Y JUBILADOS SECC 34 Y 58', 'P');
INSERT INTO `cat_conceptos` VALUES ('2W', 'BONO HOMOLOGADOS CENTRALIZADOS', 'P');
INSERT INTO `cat_conceptos` VALUES ('2X', 'COMPENSACION GARANTIZADA (ADMVOS)', 'P');
INSERT INTO `cat_conceptos` VALUES ('2Y', 'BONO PENSIONADO Y JUBILADOS SITTEZ', 'P');
INSERT INTO `cat_conceptos` VALUES ('2Z', 'RETRIBUCION POR FORTALECIMIENTO CP Y CT', 'P');
INSERT INTO `cat_conceptos` VALUES ('3A', 'BACHILLERES', 'P');
INSERT INTO `cat_conceptos` VALUES ('3B', 'ESTIMULO ANTIGÜEDAD (SUPERIOR)', 'P');
INSERT INTO `cat_conceptos` VALUES ('3C', 'ESTIMULO AÑOS DE SERVICIO (TODOS)', 'P');
INSERT INTO `cat_conceptos` VALUES ('3D', 'REDES', 'P');
INSERT INTO `cat_conceptos` VALUES ('3E', 'ESTIMULOS SUP ACADEMICA (PRUEBA ENLACE)', 'P');
INSERT INTO `cat_conceptos` VALUES ('3F', 'COMPENSACION POR SERV EVENTUALES (PAGO UNICO)', 'P');
INSERT INTO `cat_conceptos` VALUES ('3G', 'PRESTACION POR TERMINO NOMBRAMIENTO (SUPERIOIR)', 'P');
INSERT INTO `cat_conceptos` VALUES ('3H', 'LIQUIDACION POR SUELDOS CAIDOS (LAUDOS)', 'P');
INSERT INTO `cat_conceptos` VALUES ('3I', 'BONO COMITÉ SECC 58', 'P');
INSERT INTO `cat_conceptos` VALUES ('3J', 'FC TELESECUNDARIA', 'P');
INSERT INTO `cat_conceptos` VALUES ('3K', 'BONO 4 DIAS', 'P');
INSERT INTO `cat_conceptos` VALUES ('3L', 'COMPENSACION ESCUELAS DE TIEMPO COMPLETO', 'P');
INSERT INTO `cat_conceptos` VALUES ('3M', 'BONO GENERICO SECC 58', 'P');
INSERT INTO `cat_conceptos` VALUES ('3N', 'COMPENSACION A PRESTACIONES DE SUPERIOR', 'P');
INSERT INTO `cat_conceptos` VALUES ('3O', 'BONO DE 5 DIAS POR UNICA VEZ', 'P');
INSERT INTO `cat_conceptos` VALUES ('3P', 'BONO DEL SERVIDOR PUBLICO', 'P');
INSERT INTO `cat_conceptos` VALUES ('3Q', 'Compensación Provisional Compactable A', 'P');
INSERT INTO `cat_conceptos` VALUES ('3R', 'COMP LABORAR EN COMUN. PEQ. Y DISP.', 'P');
INSERT INTO `cat_conceptos` VALUES ('3S', 'EQUIPARACION DE ASIG. DOCENTE GENERICA', 'P');
INSERT INTO `cat_conceptos` VALUES ('3T', 'COMPENSACION A SUSTITUTOS DE PROFESORES', 'P');
INSERT INTO `cat_conceptos` VALUES ('3U', 'PRESTACIONES DE EDUCACION BASICA Y SUPERIOR', 'P');
INSERT INTO `cat_conceptos` VALUES ('3V', 'BONO DE RECONOCIMIENTO A DIRIGENTES SINDICALES', 'P');
INSERT INTO `cat_conceptos` VALUES ('1A', 'Estimulo de CM XXI Etapa', 'P');
INSERT INTO `cat_conceptos` VALUES ('1F', 'COMPENSACION R.F.', 'P');
INSERT INTO `cat_conceptos` VALUES ('1G', 'NIVELACION POR R.F.', 'P');
INSERT INTO `cat_conceptos` VALUES ('1H', 'NIVELACION POR SERVICIOS ESPECIALES', 'P');
INSERT INTO `cat_conceptos` VALUES ('1I', 'PAREIB APIS', 'P');
INSERT INTO `cat_conceptos` VALUES ('1J', 'COMPENSACION NACIONAL UNICA', 'P');
INSERT INTO `cat_conceptos` VALUES ('1K', 'PETC PERSONAL APOYO', 'P');
INSERT INTO `cat_conceptos` VALUES ('1L', 'PETC NUTRIOLOGOS', 'P');
INSERT INTO `cat_conceptos` VALUES ('1M', 'PNIEB INGLES', 'P');
INSERT INTO `cat_conceptos` VALUES ('1N', 'PETC INGLES', 'P');
INSERT INTO `cat_conceptos` VALUES ('1O', 'COMPENSACION PERSONAL', 'P');
INSERT INTO `cat_conceptos` VALUES ('1P', 'BONO CP SUPERIOR', 'P');
INSERT INTO `cat_conceptos` VALUES ('1Q', 'BONO CT SUPERIOR', 'P');
INSERT INTO `cat_conceptos` VALUES ('1R', 'INCENTIVO POR PROMOCION EN LA FUNCION', 'P');
INSERT INTO `cat_conceptos` VALUES ('1S', 'INCENTIVO A ASESORES TECNICO PEDADGOGICO', 'P');
INSERT INTO `cat_conceptos` VALUES ('1T', 'INCENTIVO POR PROMOCION EN LA FUNCION DE EMSYS', 'P');
INSERT INTO `cat_conceptos` VALUES ('01', 'ESTIMULO FIJO DE DOC DE CARRERA MAG (PAGO_BNCM)', 'P');
INSERT INTO `cat_conceptos` VALUES ('1U', 'ESTIMULO A LA TITULACION', 'P');
INSERT INTO `cat_conceptos` VALUES ('1V', 'LIQUIDACION POR RESOLUCION JUDICIAL', 'P');
INSERT INTO `cat_conceptos` VALUES ('1W', 'APLICACIÓN SALDO A FAVOR POR COMPENSACION ANUAL', 'P');
INSERT INTO `cat_conceptos` VALUES ('1X', 'Comp. Adicional por servicios especiales (EMSYS)', 'P');
INSERT INTO `cat_conceptos` VALUES ('50', 'I.S.P.T.', 'D');
INSERT INTO `cat_conceptos` VALUES ('51', 'Credito Al Salario', 'D');
INSERT INTO `cat_conceptos` VALUES ('52', 'Cuotas Sindicales', 'D');
INSERT INTO `cat_conceptos` VALUES ('53', 'Aval Vivienda ISSSTEZAC', 'D');
INSERT INTO `cat_conceptos` VALUES ('54', 'Responsabilidades', 'D');
INSERT INTO `cat_conceptos` VALUES ('55', 'Prestamo Corto Plazo', 'D');
INSERT INTO `cat_conceptos` VALUES ('56', 'Prestamo Mediano Plazo', 'D');
INSERT INTO `cat_conceptos` VALUES ('57', 'Prestamo Largo Plazo', 'D');
INSERT INTO `cat_conceptos` VALUES ('58', 'Inasistencias', 'D');
INSERT INTO `cat_conceptos` VALUES ('59', 'Descuentos Por Aval', 'D');
INSERT INTO `cat_conceptos` VALUES ('60', 'Pensión Alimenticia', 'D');
INSERT INTO `cat_conceptos` VALUES ('61', 'Otros Creditos ISSSTEZAC', 'D');
INSERT INTO `cat_conceptos` VALUES ('62', 'Fondo Ahorro y Credito 1% (FAC)', 'D');
INSERT INTO `cat_conceptos` VALUES ('63', 'Cuota ISSSTEZAC', 'D');
INSERT INTO `cat_conceptos` VALUES ('64', 'FONACOT', 'D');
INSERT INTO `cat_conceptos` VALUES ('65', 'Descuentos Prestamos FAC', 'D');
INSERT INTO `cat_conceptos` VALUES ('66', 'Crédito Tienda ISSSTEZAC', 'D');
INSERT INTO `cat_conceptos` VALUES ('67', 'Seguro Solidario SITTEZ.', 'D');
INSERT INTO `cat_conceptos` VALUES ('68', '', 'D');
INSERT INTO `cat_conceptos` VALUES ('69', 'APESYF', 'D');
INSERT INTO `cat_conceptos` VALUES ('70', 'Segudescuentos (MONTERREY)', 'D');
INSERT INTO `cat_conceptos` VALUES ('71', 'Nova Lux', 'D');
INSERT INTO `cat_conceptos` VALUES ('72', 'Seguros GE (Autos)', 'D');
INSERT INTO `cat_conceptos` VALUES ('73', 'Plan Previsor Hernandez', 'D');
INSERT INTO `cat_conceptos` VALUES ('74', 'Seguros GE (Vida)', 'D');
INSERT INTO `cat_conceptos` VALUES ('75', 'REZZA Editores', 'D');
INSERT INTO `cat_conceptos` VALUES ('76', 'Fideicomiso Vivienda (SNTE y FIVITTEZ)', 'D');
INSERT INTO `cat_conceptos` VALUES ('77', 'Financiamiento de Vivienda Magisterio', 'D');
INSERT INTO `cat_conceptos` VALUES ('78', 'Fondo de Prestaciones Personal Apoyo', 'D');
INSERT INTO `cat_conceptos` VALUES ('79', 'Seguro de Gastos Funerarios (Com. Ame)', 'D');
INSERT INTO `cat_conceptos` VALUES ('80', 'Universo Del Saber Ediciones SA', 'D');
INSERT INTO `cat_conceptos` VALUES ('81', 'ETESA', 'D');
INSERT INTO `cat_conceptos` VALUES ('82', 'MEDITERRANEO', 'D');
INSERT INTO `cat_conceptos` VALUES ('83', 'Trejo y Garcia', 'D');
INSERT INTO `cat_conceptos` VALUES ('84', 'AMANC Zacatecas', 'D');
INSERT INTO `cat_conceptos` VALUES ('85', 'Computadoras y Accesorios', 'D');
INSERT INTO `cat_conceptos` VALUES ('86', 'Sams Club', 'D');
INSERT INTO `cat_conceptos` VALUES ('87', 'Ana Seguros', 'D');
INSERT INTO `cat_conceptos` VALUES ('88', 'Seguro o Tenencia Plan Cero', 'D');
INSERT INTO `cat_conceptos` VALUES ('89', 'Promovien (FAMSA)', 'D');
INSERT INTO `cat_conceptos` VALUES ('90', 'Seguros DECO', 'D');
INSERT INTO `cat_conceptos` VALUES ('91', 'Previsor Lasser Plus', 'D');
INSERT INTO `cat_conceptos` VALUES ('92', 'Programa Educativo Nacional', 'D');
INSERT INTO `cat_conceptos` VALUES ('93', 'Optica Proyecta', 'D');
INSERT INTO `cat_conceptos` VALUES ('94', 'Optica Del Parque', 'D');
INSERT INTO `cat_conceptos` VALUES ('95', 'Plan Cero 2 (FORD)', 'D');
INSERT INTO `cat_conceptos` VALUES ('96', 'Matrix Grupo Editorial', 'D');
INSERT INTO `cat_conceptos` VALUES ('97', 'Intermercado', 'D');
INSERT INTO `cat_conceptos` VALUES ('98', 'Plan Estatal de Lectura', 'D');
INSERT INTO `cat_conceptos` VALUES ('99', 'Magistral Seguros', 'D');
INSERT INTO `cat_conceptos` VALUES ('9A', 'Metlife', 'D');
INSERT INTO `cat_conceptos` VALUES ('9B', 'Metlife', 'D');
INSERT INTO `cat_conceptos` VALUES ('9C', '(INBURSA)Estrategas en Vida Segura Y Aso', 'D');
INSERT INTO `cat_conceptos` VALUES ('9D', 'Optica Piramide', 'D');
INSERT INTO `cat_conceptos` VALUES ('9E', 'SYNEX de Mexico', 'D');
INSERT INTO `cat_conceptos` VALUES ('9F', 'Aseguradora Interacciones', 'D');
INSERT INTO `cat_conceptos` VALUES ('9G', 'QUALITAS', 'D');
INSERT INTO `cat_conceptos` VALUES ('9H', 'ING', 'D');
INSERT INTO `cat_conceptos` VALUES ('9I', 'FORMANDO FORMADOR TEC MONTERREY', 'D');
INSERT INTO `cat_conceptos` VALUES ('9J', 'DIRECTODO', 'D');
INSERT INTO `cat_conceptos` VALUES ('9K', 'HIR SEGUROS S.A DE C.V.', 'D');
INSERT INTO `cat_conceptos` VALUES ('9L', 'EDICRESA SA', 'D');
INSERT INTO `cat_conceptos` VALUES ('9M', 'Descuentos Placido Domingo', 'D');
INSERT INTO `cat_conceptos` VALUES ('9N', 'MAVI DE OCCIDENETE', 'D');
INSERT INTO `cat_conceptos` VALUES ('9O', 'FENAZA', 'D');
INSERT INTO `cat_conceptos` VALUES ('9P', 'INNODI SA DE CV', 'D');
INSERT INTO `cat_conceptos` VALUES ('9Q', 'ORG CULTURAL CHIAPAS', 'D');
INSERT INTO `cat_conceptos` VALUES ('9R', 'MAVI TELESECUNDARIAS', 'D');
INSERT INTO `cat_conceptos` VALUES ('9S', 'SANCION ESPECIAL', 'D');
INSERT INTO `cat_conceptos` VALUES ('9T', 'SISTEMAS AUDIOVISUALES DE JALISCO', 'D');
INSERT INTO `cat_conceptos` VALUES ('9U', 'DIPLOMADO FORMACION DE LECTORES Y ESCRIT', 'D');
INSERT INTO `cat_conceptos` VALUES ('9V', 'ARCO servicios financieros', 'D');
INSERT INTO `cat_conceptos` VALUES ('9W', 'COORDINADORA MOVIMIENTO DEMOCRATICO', 'D');
INSERT INTO `cat_conceptos` VALUES ('9X', 'CON SU PAGO', 'D');
INSERT INTO `cat_conceptos` VALUES ('9Y', 'NOMINA APOYO SA DE CV', 'D');
INSERT INTO `cat_conceptos` VALUES ('9Z', 'BENITO ALVAREZ SERRANO', 'D');
INSERT INTO `cat_conceptos` VALUES ('8A', 'OFEM SA DE CV', 'D');
INSERT INTO `cat_conceptos` VALUES ('8B', 'SANTEL PROGRAMAS EDUCATIVOS SA DE CV', 'D');
INSERT INTO `cat_conceptos` VALUES ('8C', 'APORTACION PRI', 'D');
INSERT INTO `cat_conceptos` VALUES ('8D', 'COLCHONERA DORMILON', 'D');
INSERT INTO `cat_conceptos` VALUES ('8E', 'MEDUCAR CONSULTORIA', 'D');
INSERT INTO `cat_conceptos` VALUES ('8F', 'FMM ADMINISTRADORA', 'D');
INSERT INTO `cat_conceptos` VALUES ('8G', 'NOMINA EXPRESS, CREDITO 15', 'D');
INSERT INTO `cat_conceptos` VALUES ('8H', 'PAGO TENENCIA,REFRENDO Y LICENCIA', 'D');
INSERT INTO `cat_conceptos` VALUES ('8I', 'PUBLISEG', 'D');
INSERT INTO `cat_conceptos` VALUES ('8J', 'PROG NAL DE BIBLIOTECAS MAGISTERIALES (EDILAR)', 'D');
INSERT INTO `cat_conceptos` VALUES ('8K', 'SUMAUTO', 'D');
INSERT INTO `cat_conceptos` VALUES ('8L', 'INBURSA TELES CREDITOS EFECTIVO', 'D');
INSERT INTO `cat_conceptos` VALUES ('8M', 'INBURSA TELES CREDITOS PERSONAL CONSUMO', 'D');
INSERT INTO `cat_conceptos` VALUES ('8N', 'OPTICA BAFELI', 'D');
INSERT INTO `cat_conceptos` VALUES ('8O', 'CREDIAXIS', 'D');
INSERT INTO `cat_conceptos` VALUES ('8P', 'TOTAL CREDIT SA DE CV', 'D');
INSERT INTO `cat_conceptos` VALUES ('8Q', 'MUEBLERIA DIANA', 'D');
INSERT INTO `cat_conceptos` VALUES ('8R', 'INBURSA SECC 58 CREDITOS EFECTIVO', 'D');
INSERT INTO `cat_conceptos` VALUES ('8S', 'INBURSA SECC 58 CREDITOS PERSONAL CONSUMO', 'D');
INSERT INTO `cat_conceptos` VALUES ('8T', 'OPERACIÓN Y AUDITORIA', 'D');
INSERT INTO `cat_conceptos` VALUES ('8U', 'CREDITOS MAR', 'D');
INSERT INTO `cat_conceptos` VALUES ('8V', 'FINANCIERA MAESTRA SA DE CV SOFOM ENR', 'D');
INSERT INTO `cat_conceptos` VALUES ('8W', 'FOMIC SA DE CV', 'D');
INSERT INTO `cat_conceptos` VALUES ('8X', 'ASESORIA CX TI SA DE CV', 'D');
INSERT INTO `cat_conceptos` VALUES ('8Y', 'ATTENDO SAPI DE CV SOFOM ENR', 'D');
INSERT INTO `cat_conceptos` VALUES ('8Z', 'GRUPO KF SA DE CV', 'D');
INSERT INTO `cat_conceptos` VALUES ('7A', 'SIPRESTO SA DE CV', 'D');
INSERT INTO `cat_conceptos` VALUES ('7B', 'EMPRENDEDORES TU COMUNIDAD PLANYTEC', 'D');
INSERT INTO `cat_conceptos` VALUES ('7C', '', 'D');
INSERT INTO `cat_conceptos` VALUES ('7D', 'CASA DE VIDRIO', 'D');
INSERT INTO `cat_conceptos` VALUES ('7E', 'VIVALIA', 'D');
INSERT INTO `cat_conceptos` VALUES ('7F', 'MATERIALES LA CUESTA', 'D');
INSERT INTO `cat_conceptos` VALUES ('7G', 'BANSEFI', 'D');
INSERT INTO `cat_conceptos` VALUES ('7H', 'PRESTACIONES FINMART', 'D');
INSERT INTO `cat_conceptos` VALUES ('7I', 'FONDO ACH SA DE CV SOFOM ENR', 'D');
INSERT INTO `cat_conceptos` VALUES ('7J', 'ESTIMULO FISCAL', 'D');
INSERT INTO `cat_conceptos` VALUES ('7K', 'PRESTAMELO', 'D');
INSERT INTO `cat_conceptos` VALUES ('7L', 'MENOS PAGOS SA DE CV SOFOM ENR', 'D');
INSERT INTO `cat_conceptos` VALUES ('7M', 'HINV SA DE CV CREDITO FACIL SOFOM ENR', 'D');
INSERT INTO `cat_conceptos` VALUES ('7N', 'FISOFO SA DE CV SOFOM ENR', 'D');
INSERT INTO `cat_conceptos` VALUES ('7P', 'FONDO DE VIVIENDA DEL SITTEZ', 'D');
INSERT INTO `cat_conceptos` VALUES ('7Q', 'INASISTENCIAS TIEMPO COMPLETO', 'D');
INSERT INTO `cat_conceptos` VALUES ('7R', 'GRUPO FINPLAN SA DE CV', 'D');
INSERT INTO `cat_conceptos` VALUES ('7S', 'PRESTAMOS FELICES EN 15 MIN SA DE CV SOFOM ENR', 'D');
INSERT INTO `cat_conceptos` VALUES ('7T', 'BCP CAPITAL SAPI DE CV SOFOM ENR', 'D');
INSERT INTO `cat_conceptos` VALUES ('7U', 'CREGO SA DE CV SOFOM ENR', 'D');
INSERT INTO `cat_conceptos` VALUES ('7V', 'PROCEDIMIENTO MERCANTIL', 'D');
INSERT INTO `cat_conceptos` VALUES ('7W', 'FINCOMUN SERVICIOS FINANCIEROS COMUNITARIOS SA DE CV', 'D');
INSERT INTO `cat_conceptos` VALUES ('7X', 'GRUPO ANISAL SA DE CV SOFOM ENR', 'D');
INSERT INTO `cat_conceptos` VALUES ('7Y', 'FINANCIERA FORTALEZA SA DE CV SOFOM ENR', 'D');
INSERT INTO `cat_conceptos` VALUES ('7Z', 'UNIVERSAL DE SERVICIOS PATRIMONIALES SA DE CV SOFOM ENR', 'D');
INSERT INTO `cat_conceptos` VALUES ('6A', 'JOMA MUEBLES FINOS', 'D');
INSERT INTO `cat_conceptos` VALUES ('6B', 'BTOP WELLNES FIT', 'D');
INSERT INTO `cat_conceptos` VALUES ('6C', 'DESCUENTO NOMINAL FATS-58', 'D');
INSERT INTO `cat_conceptos` VALUES ('6D', 'RETENCIONES PENSIONALES FATS-58', 'D');
INSERT INTO `cat_conceptos` VALUES ('6E', 'DESCUENTO CAJA DE AHORRO SECC58', 'D');
INSERT INTO `cat_conceptos` VALUES ('6F', 'DESCUENTO CREDITO CAJA  DE AHORRO SECC58', 'D');
INSERT INTO `cat_conceptos` VALUES ('6G', 'PLAN DIFERENTE', 'D');
INSERT INTO `cat_conceptos` VALUES ('6H', 'RSM ASOCIADOS AGENTE DE SEGUROS Y FIANZAS SA DE CV', 'D');
INSERT INTO `cat_conceptos` VALUES ('6I', 'LIBERTAD SERVICIOS FINANCIEROS SA DE CV', 'D');
INSERT INTO `cat_conceptos` VALUES ('6J', 'VIGUA SERVICIOS PATRIMONIALES SA DE CV', 'D');
INSERT INTO `cat_conceptos` VALUES ('6K', 'DESCUENTO CAJA AHORRO MONTO FACIL', 'D');
INSERT INTO `cat_conceptos` VALUES ('6L', 'DESCUENTO CREDITO CAJA AHORRO MONTO FACIL', 'D');
INSERT INTO `cat_conceptos` VALUES ('6M', 'GESTION PROFESIONAL DE SEGUROS SA DE CV', 'D');
INSERT INTO `cat_conceptos` VALUES ('6N', 'DESCUENTO CAJA AHORRO VIRAL', 'D');
INSERT INTO `cat_conceptos` VALUES ('6O', 'DESCUENTO CREDITO VIRAL', 'D');
INSERT INTO `cat_conceptos` VALUES ('6P', 'DINA AGENTE DE SEGUROS SA DE CV', 'D');
INSERT INTO `cat_conceptos` VALUES ('6W', 'ISR RETENDIO DEL EJERCICIO ANTERIOR', 'D');

-- ----------------------------
-- Table structure for cat_quincenas
-- ----------------------------
DROP TABLE IF EXISTS `cat_quincenas`;
CREATE TABLE `cat_quincenas`  (
  `qna_ini` int(6) NULL DEFAULT NULL,
  `qna_fin` int(6) NULL DEFAULT NULL
) ENGINE = InnoDB CHARACTER SET = latin1 COLLATE = latin1_swedish_ci ROW_FORMAT = Dynamic;

-- ----------------------------
-- Records of cat_quincenas
-- ----------------------------
INSERT INTO `cat_quincenas` VALUES (201901, 201901);
INSERT INTO `cat_quincenas` VALUES (201902, 201902);
INSERT INTO `cat_quincenas` VALUES (201903, 201903);
INSERT INTO `cat_quincenas` VALUES (201904, 201904);
INSERT INTO `cat_quincenas` VALUES (201905, 201905);
INSERT INTO `cat_quincenas` VALUES (201906, 201906);
INSERT INTO `cat_quincenas` VALUES (201907, 201907);
INSERT INTO `cat_quincenas` VALUES (201908, 201908);
INSERT INTO `cat_quincenas` VALUES (201909, 201909);
INSERT INTO `cat_quincenas` VALUES (201910, 201910);
INSERT INTO `cat_quincenas` VALUES (201911, 201911);
INSERT INTO `cat_quincenas` VALUES (201912, 201912);
INSERT INTO `cat_quincenas` VALUES (201913, 201913);
INSERT INTO `cat_quincenas` VALUES (201914, 201914);
INSERT INTO `cat_quincenas` VALUES (201915, 201915);
INSERT INTO `cat_quincenas` VALUES (201916, 201916);
INSERT INTO `cat_quincenas` VALUES (201917, 201917);
INSERT INTO `cat_quincenas` VALUES (201918, 201918);
INSERT INTO `cat_quincenas` VALUES (201919, 201919);
INSERT INTO `cat_quincenas` VALUES (201920, 201920);
INSERT INTO `cat_quincenas` VALUES (201921, 201921);
INSERT INTO `cat_quincenas` VALUES (201922, 201922);
INSERT INTO `cat_quincenas` VALUES (201923, 201923);
INSERT INTO `cat_quincenas` VALUES (201924, 201924);
INSERT INTO `cat_quincenas` VALUES (202001, 202001);
INSERT INTO `cat_quincenas` VALUES (202002, 202002);
INSERT INTO `cat_quincenas` VALUES (202003, 202003);
INSERT INTO `cat_quincenas` VALUES (202004, 202004);
INSERT INTO `cat_quincenas` VALUES (202005, 202005);
INSERT INTO `cat_quincenas` VALUES (202006, 202006);
INSERT INTO `cat_quincenas` VALUES (202007, 202007);
INSERT INTO `cat_quincenas` VALUES (202008, 202008);
INSERT INTO `cat_quincenas` VALUES (202009, 202009);
INSERT INTO `cat_quincenas` VALUES (202010, 202010);
INSERT INTO `cat_quincenas` VALUES (202011, 202011);
INSERT INTO `cat_quincenas` VALUES (202012, 202012);
INSERT INTO `cat_quincenas` VALUES (202013, 202013);
INSERT INTO `cat_quincenas` VALUES (202014, 202014);
INSERT INTO `cat_quincenas` VALUES (202015, 202015);
INSERT INTO `cat_quincenas` VALUES (202016, 202016);
INSERT INTO `cat_quincenas` VALUES (202017, 202017);
INSERT INTO `cat_quincenas` VALUES (202018, 202018);
INSERT INTO `cat_quincenas` VALUES (202019, 202019);
INSERT INTO `cat_quincenas` VALUES (202020, 202020);
INSERT INTO `cat_quincenas` VALUES (202021, 202021);
INSERT INTO `cat_quincenas` VALUES (202022, 202022);
INSERT INTO `cat_quincenas` VALUES (202023, 202023);
INSERT INTO `cat_quincenas` VALUES (202024, 202024);

-- ----------------------------
-- Table structure for cat_subsitema
-- ----------------------------
DROP TABLE IF EXISTS `cat_subsitema`;
CREATE TABLE `cat_subsitema`  (
  `cve_subsistema` char(3) CHARACTER SET latin1 COLLATE latin1_swedish_ci NULL DEFAULT NULL,
  `des_subs` char(50) CHARACTER SET latin1 COLLATE latin1_swedish_ci NULL DEFAULT NULL
) ENGINE = InnoDB CHARACTER SET = latin1 COLLATE = latin1_swedish_ci ROW_FORMAT = Dynamic;

-- ----------------------------
-- Records of cat_subsitema
-- ----------------------------
INSERT INTO `cat_subsitema` VALUES ('100', 'ed_basica');
INSERT INTO `cat_subsitema` VALUES ('200', 'telesecundaria');
INSERT INTO `cat_subsitema` VALUES ('300', 'telebachillerato Est 50');
INSERT INTO `cat_subsitema` VALUES ('310', 'telebachillerato Fed 50');
INSERT INTO `cat_subsitema` VALUES ('311', 'telebachillerato Est 100');
INSERT INTO `cat_subsitema` VALUES ('400', 'Pago RF Federal');
INSERT INTO `cat_subsitema` VALUES ('500', 'Pago RF13 Federal');

-- ----------------------------
-- Table structure for indicador
-- ----------------------------
DROP TABLE IF EXISTS `indicador`;
CREATE TABLE `indicador`  (
  `id_indicador` int(6) NULL DEFAULT NULL,
  `qna_pago` int(6) NOT NULL,
  `concepto` char(2) CHARACTER SET latin1 COLLATE latin1_swedish_ci NULL DEFAULT NULL,
  `importe` float(14, 2) NULL DEFAULT NULL,
  `per_ded` char(1) CHARACTER SET latin1 COLLATE latin1_swedish_ci NULL DEFAULT NULL,
  `subsistema` char(3) CHARACTER SET latin1 COLLATE latin1_swedish_ci NULL DEFAULT NULL
) ENGINE = InnoDB CHARACTER SET = latin1 COLLATE = latin1_swedish_ci ROW_FORMAT = Dynamic;

-- ----------------------------
-- Records of indicador
-- ----------------------------
INSERT INTO `indicador` VALUES (1, 202001, '01', 34704856.00, 'P', '100');
INSERT INTO `indicador` VALUES (2, 202001, '02', 54476.68, 'P', '100');
INSERT INTO `indicador` VALUES (3, 202001, '03', 113143968.00, 'P', '100');
INSERT INTO `indicador` VALUES (4, 202001, '05', 4616544.50, 'P', '100');
INSERT INTO `indicador` VALUES (5, 202001, '09', 1107810.25, 'P', '100');
INSERT INTO `indicador` VALUES (6, 202001, '10', 1121790.62, 'P', '100');
INSERT INTO `indicador` VALUES (7, 202001, '11', 61975.10, 'P', '100');
INSERT INTO `indicador` VALUES (8, 202001, '13', 773067.94, 'P', '100');
INSERT INTO `indicador` VALUES (9, 202001, '14', 3810.65, 'P', '100');
INSERT INTO `indicador` VALUES (10, 202001, '15', 1302275.75, 'P', '100');
INSERT INTO `indicador` VALUES (11, 202001, '16', 79521.88, 'P', '100');
INSERT INTO `indicador` VALUES (12, 202001, '17', 363100.00, 'P', '100');
INSERT INTO `indicador` VALUES (13, 202001, '18', 55091.55, 'P', '100');
INSERT INTO `indicador` VALUES (14, 202001, '19', 37403.00, 'P', '100');
INSERT INTO `indicador` VALUES (15, 202001, '1O', 153707.66, 'P', '100');
INSERT INTO `indicador` VALUES (16, 202001, '1R', 199792.44, 'P', '100');
INSERT INTO `indicador` VALUES (17, 202001, '1S', 47477.47, 'P', '100');
INSERT INTO `indicador` VALUES (18, 202001, '1T', 8757.23, 'P', '100');
INSERT INTO `indicador` VALUES (19, 202001, '20', 2058.39, 'P', '100');
INSERT INTO `indicador` VALUES (20, 202001, '21', 1000.00, 'P', '100');
INSERT INTO `indicador` VALUES (21, 202001, '22', 55147.84, 'P', '100');
INSERT INTO `indicador` VALUES (22, 202001, '23', 175.00, 'P', '100');
INSERT INTO `indicador` VALUES (23, 202001, '24', 4446.00, 'P', '100');
INSERT INTO `indicador` VALUES (24, 202001, '27', 1502157.62, 'P', '100');
INSERT INTO `indicador` VALUES (25, 202001, '2D', 2348002.25, 'P', '100');
INSERT INTO `indicador` VALUES (26, 202001, '2I', 164316.59, 'P', '100');
INSERT INTO `indicador` VALUES (27, 202001, '2X', 151945.09, 'P', '100');
INSERT INTO `indicador` VALUES (28, 202001, '30', 8704958.00, 'P', '100');
INSERT INTO `indicador` VALUES (29, 202001, '31', 195167.58, 'P', '100');
INSERT INTO `indicador` VALUES (30, 202001, '32', 0.00, 'P', '100');
INSERT INTO `indicador` VALUES (31, 202001, '33', 15133.22, 'P', '100');
INSERT INTO `indicador` VALUES (32, 202001, '34', 25125.00, 'P', '100');
INSERT INTO `indicador` VALUES (33, 202001, '35', 132376.72, 'P', '100');
INSERT INTO `indicador` VALUES (34, 202001, '36', 156992.00, 'P', '100');
INSERT INTO `indicador` VALUES (35, 202001, '3A', 70457.73, 'P', '100');
INSERT INTO `indicador` VALUES (36, 202001, '3B', 195301.48, 'P', '100');
INSERT INTO `indicador` VALUES (37, 202001, '3G', 1375105.75, 'P', '100');
INSERT INTO `indicador` VALUES (38, 202001, '3Q', 193253.67, 'P', '100');
INSERT INTO `indicador` VALUES (39, 202001, '3S', 112959.80, 'P', '100');
INSERT INTO `indicador` VALUES (40, 202001, '3U', 836292.19, 'P', '100');
INSERT INTO `indicador` VALUES (41, 202001, '40', 532171.06, 'P', '100');
INSERT INTO `indicador` VALUES (42, 202001, '46', 527934.25, 'P', '100');
INSERT INTO `indicador` VALUES (43, 202001, '4B', 3000.00, 'P', '100');
INSERT INTO `indicador` VALUES (44, 202001, '50', 32710698.00, 'D', '100');
INSERT INTO `indicador` VALUES (45, 202001, '51', -2856.06, 'D', '100');
INSERT INTO `indicador` VALUES (46, 202001, '52', 407112.94, 'D', '100');
INSERT INTO `indicador` VALUES (47, 202001, '54', 2905.48, 'D', '100');
INSERT INTO `indicador` VALUES (48, 202001, '55', 1520.75, 'D', '100');
INSERT INTO `indicador` VALUES (49, 202001, '56', 299033.03, 'D', '100');
INSERT INTO `indicador` VALUES (50, 202001, '59', 2317.52, 'D', '100');
INSERT INTO `indicador` VALUES (51, 202001, '60', 1267434.50, 'D', '100');
INSERT INTO `indicador` VALUES (52, 202001, '61', 11514.54, 'D', '100');
INSERT INTO `indicador` VALUES (53, 202001, '62', 171200.00, 'D', '100');
INSERT INTO `indicador` VALUES (54, 202001, '63', 6091791.50, 'D', '100');
INSERT INTO `indicador` VALUES (55, 202001, '64', 858.18, 'D', '100');
INSERT INTO `indicador` VALUES (56, 202001, '65', 450821.53, 'D', '100');
INSERT INTO `indicador` VALUES (57, 202001, '66', 224385.27, 'D', '100');
INSERT INTO `indicador` VALUES (58, 202001, '67', 480792.25, 'D', '100');
INSERT INTO `indicador` VALUES (59, 202001, '6C', 774833.56, 'D', '100');
INSERT INTO `indicador` VALUES (60, 202001, '6D', 115074.17, 'D', '100');
INSERT INTO `indicador` VALUES (61, 202001, '6F', 149821.08, 'D', '100');
INSERT INTO `indicador` VALUES (62, 202001, '6G', 192549.89, 'D', '100');
INSERT INTO `indicador` VALUES (63, 202001, '70', 8115.53, 'D', '100');
INSERT INTO `indicador` VALUES (64, 202001, '71', 530.00, 'D', '100');
INSERT INTO `indicador` VALUES (65, 202001, '72', 25880.00, 'D', '100');
INSERT INTO `indicador` VALUES (66, 202001, '78', 17679.76, 'D', '100');
INSERT INTO `indicador` VALUES (67, 202001, '79', 2385.00, 'D', '100');
INSERT INTO `indicador` VALUES (68, 202001, '7E', 227422.23, 'D', '100');
INSERT INTO `indicador` VALUES (69, 202001, '7G', 3566.12, 'D', '100');
INSERT INTO `indicador` VALUES (70, 202001, '7H', 22672.81, 'D', '100');
INSERT INTO `indicador` VALUES (71, 202001, '7I', 4560.30, 'D', '100');
INSERT INTO `indicador` VALUES (72, 202001, '7L', 492.00, 'D', '100');
INSERT INTO `indicador` VALUES (73, 202001, '7M', 79822.40, 'D', '100');
INSERT INTO `indicador` VALUES (74, 202001, '7T', 4281.60, 'D', '100');
INSERT INTO `indicador` VALUES (75, 202001, '7U', 17934.97, 'D', '100');
INSERT INTO `indicador` VALUES (76, 202001, '7V', 11522.32, 'D', '100');
INSERT INTO `indicador` VALUES (77, 202001, '7X', 460.00, 'D', '100');
INSERT INTO `indicador` VALUES (78, 202001, '7Y', 10841.54, 'D', '100');
INSERT INTO `indicador` VALUES (79, 202001, '7Z', 19448.45, 'D', '100');
INSERT INTO `indicador` VALUES (80, 202001, '81', 27363.01, 'D', '100');
INSERT INTO `indicador` VALUES (81, 202001, '89', 171633.61, 'D', '100');
INSERT INTO `indicador` VALUES (82, 202001, '8A', 6254.75, 'D', '100');
INSERT INTO `indicador` VALUES (83, 202001, '8B', 830.00, 'D', '100');
INSERT INTO `indicador` VALUES (84, 202001, '8F', 12238.86, 'D', '100');
INSERT INTO `indicador` VALUES (85, 202001, '8J', 63835.92, 'D', '100');
INSERT INTO `indicador` VALUES (86, 202001, '8L', 68556.87, 'D', '100');
INSERT INTO `indicador` VALUES (87, 202001, '8P', 28318.07, 'D', '100');
INSERT INTO `indicador` VALUES (88, 202001, '8R', 80198.00, 'D', '100');
INSERT INTO `indicador` VALUES (89, 202001, '8T', 16846.96, 'D', '100');
INSERT INTO `indicador` VALUES (90, 202001, '8X', 63.50, 'D', '100');
INSERT INTO `indicador` VALUES (91, 202001, '8Y', 9607.77, 'D', '100');
INSERT INTO `indicador` VALUES (92, 202001, '8Z', 3844.87, 'D', '100');
INSERT INTO `indicador` VALUES (93, 202001, '90', 1000.00, 'D', '100');
INSERT INTO `indicador` VALUES (94, 202001, '92', 1859.38, 'D', '100');
INSERT INTO `indicador` VALUES (95, 202001, '99', 247293.00, 'D', '100');
INSERT INTO `indicador` VALUES (96, 202001, '9A', 207436.20, 'D', '100');
INSERT INTO `indicador` VALUES (97, 202001, '9B', 7265.58, 'D', '100');
INSERT INTO `indicador` VALUES (98, 202001, '9C', 493282.03, 'D', '100');
INSERT INTO `indicador` VALUES (99, 202001, '9J', 48570.04, 'D', '100');
INSERT INTO `indicador` VALUES (100, 202001, '9K', 200.00, 'D', '100');
INSERT INTO `indicador` VALUES (101, 202001, '9Q', 150.00, 'D', '100');
INSERT INTO `indicador` VALUES (102, 202001, '9W', 4925.00, 'D', '100');
INSERT INTO `indicador` VALUES (103, 202001, '9X', 2560.49, 'D', '100');
INSERT INTO `indicador` VALUES (104, 202001, '9Y', 1410.30, 'D', '100');
INSERT INTO `indicador` VALUES (105, 202001, '03', 1804087.88, 'P', '400');
INSERT INTO `indicador` VALUES (106, 202001, '1F', 585521.00, 'P', '400');
INSERT INTO `indicador` VALUES (107, 202001, '1O', 9364.04, 'P', '400');
INSERT INTO `indicador` VALUES (108, 202001, '50', 563686.94, 'D', '400');
INSERT INTO `indicador` VALUES (109, 202001, '60', 10125.04, 'D', '400');
INSERT INTO `indicador` VALUES (110, 202001, '6G', 2444.33, 'D', '400');
INSERT INTO `indicador` VALUES (111, 202001, '89', 3530.00, 'D', '400');
INSERT INTO `indicador` VALUES (112, 202001, '03', 1548802.62, 'P', '500');
INSERT INTO `indicador` VALUES (113, 202001, '1O', 530832.00, 'P', '500');
INSERT INTO `indicador` VALUES (114, 202001, '50', 418105.91, 'D', '500');
INSERT INTO `indicador` VALUES (115, 202001, '60', 25548.87, 'D', '500');
INSERT INTO `indicador` VALUES (116, 202002, '01', 36442132.00, 'P', '100');
INSERT INTO `indicador` VALUES (117, 202002, '02', 54870.45, 'P', '100');
INSERT INTO `indicador` VALUES (118, 202002, '03', 1062313.75, 'P', '100');
INSERT INTO `indicador` VALUES (119, 202002, '04', 10006.98, 'P', '100');
INSERT INTO `indicador` VALUES (120, 202002, '05', 4652936.50, 'P', '100');
INSERT INTO `indicador` VALUES (121, 202002, '09', 1164129.12, 'P', '100');
INSERT INTO `indicador` VALUES (122, 202002, '10', 1171879.12, 'P', '100');
INSERT INTO `indicador` VALUES (123, 202002, '11', 62070.70, 'P', '100');
INSERT INTO `indicador` VALUES (124, 202002, '13', 801526.94, 'P', '100');
INSERT INTO `indicador` VALUES (125, 202002, '14', 4144.85, 'P', '100');
INSERT INTO `indicador` VALUES (126, 202002, '15', 1316031.75, 'P', '100');
INSERT INTO `indicador` VALUES (127, 202002, '16', 79521.88, 'P', '100');
INSERT INTO `indicador` VALUES (128, 202002, '17', 376184.41, 'P', '100');
INSERT INTO `indicador` VALUES (129, 202002, '18', 58432.77, 'P', '100');
INSERT INTO `indicador` VALUES (130, 202002, '19', 37566.50, 'P', '100');
INSERT INTO `indicador` VALUES (131, 202002, '1J', 17209266.00, 'P', '100');
INSERT INTO `indicador` VALUES (132, 202002, '1O', 153707.66, 'P', '100');
INSERT INTO `indicador` VALUES (133, 202002, '1R', 521744.59, 'P', '100');
INSERT INTO `indicador` VALUES (134, 202002, '1S', 47477.47, 'P', '100');
INSERT INTO `indicador` VALUES (135, 202002, '1T', 8757.23, 'P', '100');
INSERT INTO `indicador` VALUES (136, 202002, '20', 2058.39, 'P', '100');
INSERT INTO `indicador` VALUES (137, 202002, '21', 1000.00, 'P', '100');
INSERT INTO `indicador` VALUES (138, 202002, '22', 56774.31, 'P', '100');
INSERT INTO `indicador` VALUES (139, 202002, '23', 175.00, 'P', '100');
INSERT INTO `indicador` VALUES (140, 202002, '24', 8492.00, 'P', '100');
INSERT INTO `indicador` VALUES (141, 202002, '27', 1578616.12, 'P', '100');
INSERT INTO `indicador` VALUES (142, 202002, '29', 5570.52, 'P', '100');
INSERT INTO `indicador` VALUES (143, 202002, '2D', 4642.10, 'P', '100');
INSERT INTO `indicador` VALUES (144, 202002, '2I', 164316.59, 'P', '100');
INSERT INTO `indicador` VALUES (145, 202002, '2K', 400.39, 'P', '100');
INSERT INTO `indicador` VALUES (146, 202002, '2N', 3094.73, 'P', '100');
INSERT INTO `indicador` VALUES (147, 202002, '2O', 1856.84, 'P', '100');
INSERT INTO `indicador` VALUES (148, 202002, '2R', 8184.64, 'P', '100');
INSERT INTO `indicador` VALUES (149, 202002, '2T', 101167.17, 'P', '100');
INSERT INTO `indicador` VALUES (150, 202002, '2X', 151945.09, 'P', '100');
INSERT INTO `indicador` VALUES (151, 202002, '2Z', 17666.74, 'P', '100');
INSERT INTO `indicador` VALUES (152, 202002, '30', 9148055.00, 'P', '100');
INSERT INTO `indicador` VALUES (153, 202002, '31', 195167.58, 'P', '100');
INSERT INTO `indicador` VALUES (154, 202002, '32', 0.00, 'P', '100');
INSERT INTO `indicador` VALUES (155, 202002, '33', 15133.22, 'P', '100');
INSERT INTO `indicador` VALUES (156, 202002, '34', 25125.00, 'P', '100');
INSERT INTO `indicador` VALUES (157, 202002, '35', 132376.72, 'P', '100');
INSERT INTO `indicador` VALUES (158, 202002, '36', 156992.00, 'P', '100');
INSERT INTO `indicador` VALUES (159, 202002, '38', 10764.55, 'P', '100');
INSERT INTO `indicador` VALUES (160, 202002, '39', 808.21, 'P', '100');
INSERT INTO `indicador` VALUES (161, 202002, '3A', 72241.47, 'P', '100');
INSERT INTO `indicador` VALUES (162, 202002, '3B', 52158.94, 'P', '100');
INSERT INTO `indicador` VALUES (163, 202002, '3G', 874898.44, 'P', '100');
INSERT INTO `indicador` VALUES (164, 202002, '3K', 1270.75, 'P', '100');
INSERT INTO `indicador` VALUES (165, 202002, '3Q', 193253.67, 'P', '100');
INSERT INTO `indicador` VALUES (166, 202002, '3S', 122052.16, 'P', '100');
INSERT INTO `indicador` VALUES (167, 202002, '3U', 874463.44, 'P', '100');
INSERT INTO `indicador` VALUES (168, 202002, '40', 532171.06, 'P', '100');
INSERT INTO `indicador` VALUES (169, 202002, '45', 41966.38, 'P', '100');
INSERT INTO `indicador` VALUES (170, 202002, '46', 527934.25, 'P', '100');
INSERT INTO `indicador` VALUES (171, 202002, '4B', 3000.00, 'P', '100');
INSERT INTO `indicador` VALUES (172, 202002, '50', 8503272.00, 'D', '100');
INSERT INTO `indicador` VALUES (173, 202002, '51', -7692.78, 'D', '100');
INSERT INTO `indicador` VALUES (174, 202002, '52', 426471.66, 'D', '100');
INSERT INTO `indicador` VALUES (175, 202002, '54', 72882.83, 'D', '100');
INSERT INTO `indicador` VALUES (176, 202002, '55', 1520.75, 'D', '100');
INSERT INTO `indicador` VALUES (177, 202002, '56', 263549.41, 'D', '100');
INSERT INTO `indicador` VALUES (178, 202002, '58', 9421.31, 'D', '100');
INSERT INTO `indicador` VALUES (179, 202002, '59', 590.17, 'D', '100');
INSERT INTO `indicador` VALUES (180, 202002, '60', 690192.88, 'D', '100');
INSERT INTO `indicador` VALUES (181, 202002, '61', 15228.49, 'D', '100');
INSERT INTO `indicador` VALUES (182, 202002, '62', 172600.00, 'D', '100');
INSERT INTO `indicador` VALUES (183, 202002, '63', 6374765.00, 'D', '100');
INSERT INTO `indicador` VALUES (184, 202002, '65', 431413.41, 'D', '100');
INSERT INTO `indicador` VALUES (185, 202002, '66', 230833.56, 'D', '100');
INSERT INTO `indicador` VALUES (186, 202002, '6C', 764111.94, 'D', '100');
INSERT INTO `indicador` VALUES (187, 202002, '6D', 115990.30, 'D', '100');
INSERT INTO `indicador` VALUES (188, 202002, '6F', 173332.22, 'D', '100');
INSERT INTO `indicador` VALUES (189, 202002, '6G', 192549.89, 'D', '100');
INSERT INTO `indicador` VALUES (190, 202002, '6M', 939.57, 'D', '100');
INSERT INTO `indicador` VALUES (191, 202002, '70', 8115.53, 'D', '100');
INSERT INTO `indicador` VALUES (192, 202002, '71', 530.00, 'D', '100');
INSERT INTO `indicador` VALUES (193, 202002, '72', 24777.00, 'D', '100');
INSERT INTO `indicador` VALUES (194, 202002, '78', 17136.43, 'D', '100');
INSERT INTO `indicador` VALUES (195, 202002, '79', 2385.00, 'D', '100');
INSERT INTO `indicador` VALUES (196, 202002, '7E', 224325.61, 'D', '100');
INSERT INTO `indicador` VALUES (197, 202002, '7G', 3566.12, 'D', '100');
INSERT INTO `indicador` VALUES (198, 202002, '7H', 17984.90, 'D', '100');
INSERT INTO `indicador` VALUES (199, 202002, '7I', 4560.30, 'D', '100');
INSERT INTO `indicador` VALUES (200, 202002, '7L', 492.00, 'D', '100');
INSERT INTO `indicador` VALUES (201, 202002, '7M', 68084.72, 'D', '100');
INSERT INTO `indicador` VALUES (202, 202002, '7T', 4281.60, 'D', '100');
INSERT INTO `indicador` VALUES (203, 202002, '7U', 15861.85, 'D', '100');
INSERT INTO `indicador` VALUES (204, 202002, '7V', 5716.77, 'D', '100');
INSERT INTO `indicador` VALUES (205, 202002, '7X', 460.00, 'D', '100');
INSERT INTO `indicador` VALUES (206, 202002, '7Y', 10841.54, 'D', '100');
INSERT INTO `indicador` VALUES (207, 202002, '7Z', 17695.13, 'D', '100');
INSERT INTO `indicador` VALUES (208, 202002, '81', 21352.01, 'D', '100');
INSERT INTO `indicador` VALUES (209, 202002, '89', 166357.61, 'D', '100');
INSERT INTO `indicador` VALUES (210, 202002, '8A', 6254.75, 'D', '100');
INSERT INTO `indicador` VALUES (211, 202002, '8B', 830.00, 'D', '100');
INSERT INTO `indicador` VALUES (212, 202002, '8F', 8781.21, 'D', '100');
INSERT INTO `indicador` VALUES (213, 202002, '8J', 62823.40, 'D', '100');
INSERT INTO `indicador` VALUES (214, 202002, '8L', 68125.29, 'D', '100');
INSERT INTO `indicador` VALUES (215, 202002, '8P', 29516.92, 'D', '100');
INSERT INTO `indicador` VALUES (216, 202002, '8R', 80517.38, 'D', '100');
INSERT INTO `indicador` VALUES (217, 202002, '8T', 14512.50, 'D', '100');
INSERT INTO `indicador` VALUES (218, 202002, '8X', 63.50, 'D', '100');
INSERT INTO `indicador` VALUES (219, 202002, '8Y', 9313.35, 'D', '100');
INSERT INTO `indicador` VALUES (220, 202002, '8Z', 1605.91, 'D', '100');
INSERT INTO `indicador` VALUES (221, 202002, '90', 1000.00, 'D', '100');
INSERT INTO `indicador` VALUES (222, 202002, '92', 1859.38, 'D', '100');
INSERT INTO `indicador` VALUES (223, 202002, '99', 248930.50, 'D', '100');
INSERT INTO `indicador` VALUES (224, 202002, '9A', 209121.81, 'D', '100');
INSERT INTO `indicador` VALUES (225, 202002, '9B', 7497.98, 'D', '100');
INSERT INTO `indicador` VALUES (226, 202002, '9C', 499370.00, 'D', '100');
INSERT INTO `indicador` VALUES (227, 202002, '9J', 45920.05, 'D', '100');
INSERT INTO `indicador` VALUES (228, 202002, '9K', 200.00, 'D', '100');
INSERT INTO `indicador` VALUES (229, 202002, '9Q', 150.00, 'D', '100');
INSERT INTO `indicador` VALUES (230, 202002, '9W', 4940.00, 'D', '100');
INSERT INTO `indicador` VALUES (231, 202002, '9X', 2560.49, 'D', '100');
INSERT INTO `indicador` VALUES (232, 202002, '9Y', 1410.30, 'D', '100');
INSERT INTO `indicador` VALUES (233, 202002, '03', 100810.98, 'P', '400');
INSERT INTO `indicador` VALUES (234, 202002, '1F', 568124.75, 'P', '400');
INSERT INTO `indicador` VALUES (235, 202002, '1O', 9364.04, 'P', '400');
INSERT INTO `indicador` VALUES (236, 202002, '50', 140315.91, 'D', '400');
INSERT INTO `indicador` VALUES (237, 202002, '60', 2115.60, 'D', '400');
INSERT INTO `indicador` VALUES (238, 202002, '6G', 2444.33, 'D', '400');
INSERT INTO `indicador` VALUES (239, 202002, '89', 3530.00, 'D', '400');
INSERT INTO `indicador` VALUES (240, 202002, '1O', 521532.00, 'P', '500');
INSERT INTO `indicador` VALUES (241, 202002, '50', 109830.12, 'D', '500');
INSERT INTO `indicador` VALUES (242, 202002, '60', 6709.35, 'D', '500');
INSERT INTO `indicador` VALUES (243, 202003, '01', 35460384.00, 'P', '100');
INSERT INTO `indicador` VALUES (244, 202003, '02', 54920.37, 'P', '100');
INSERT INTO `indicador` VALUES (245, 202003, '03', 1456046.00, 'P', '100');
INSERT INTO `indicador` VALUES (246, 202003, '05', 4648754.50, 'P', '100');
INSERT INTO `indicador` VALUES (247, 202003, '09', 1122781.75, 'P', '100');
INSERT INTO `indicador` VALUES (248, 202003, '10', 1134574.62, 'P', '100');
INSERT INTO `indicador` VALUES (249, 202003, '11', 61869.46, 'P', '100');
INSERT INTO `indicador` VALUES (250, 202003, '13', 779141.38, 'P', '100');
INSERT INTO `indicador` VALUES (251, 202003, '14', 3862.85, 'P', '100');
INSERT INTO `indicador` VALUES (252, 202003, '15', 1314588.12, 'P', '100');
INSERT INTO `indicador` VALUES (253, 202003, '16', 79521.88, 'P', '100');
INSERT INTO `indicador` VALUES (254, 202003, '17', 366186.53, 'P', '100');
INSERT INTO `indicador` VALUES (255, 202003, '18', 56168.22, 'P', '100');
INSERT INTO `indicador` VALUES (256, 202003, '19', 37538.50, 'P', '100');
INSERT INTO `indicador` VALUES (257, 202003, '1O', 151707.66, 'P', '100');
INSERT INTO `indicador` VALUES (258, 202003, '1R', 276207.62, 'P', '100');
INSERT INTO `indicador` VALUES (259, 202003, '1S', 47477.47, 'P', '100');
INSERT INTO `indicador` VALUES (260, 202003, '1T', 8757.23, 'P', '100');
INSERT INTO `indicador` VALUES (261, 202003, '1X', 97500.00, 'P', '100');
INSERT INTO `indicador` VALUES (262, 202003, '20', 2058.39, 'P', '100');
INSERT INTO `indicador` VALUES (263, 202003, '21', 1000.00, 'P', '100');
INSERT INTO `indicador` VALUES (264, 202003, '22', 55510.99, 'P', '100');
INSERT INTO `indicador` VALUES (265, 202003, '23', 175.00, 'P', '100');
INSERT INTO `indicador` VALUES (266, 202003, '24', 2873.00, 'P', '100');
INSERT INTO `indicador` VALUES (267, 202003, '27', 1522907.75, 'P', '100');
INSERT INTO `indicador` VALUES (268, 202003, '2I', 164316.59, 'P', '100');
INSERT INTO `indicador` VALUES (269, 202003, '2W', 3263.56, 'P', '100');
INSERT INTO `indicador` VALUES (270, 202003, '2X', 150458.77, 'P', '100');
INSERT INTO `indicador` VALUES (271, 202003, '30', 8829393.00, 'P', '100');
INSERT INTO `indicador` VALUES (272, 202003, '31', 194276.33, 'P', '100');
INSERT INTO `indicador` VALUES (273, 202003, '32', 0.00, 'P', '100');
INSERT INTO `indicador` VALUES (274, 202003, '33', 15133.22, 'P', '100');
INSERT INTO `indicador` VALUES (275, 202003, '34', 27375.00, 'P', '100');
INSERT INTO `indicador` VALUES (276, 202003, '35', 132044.80, 'P', '100');
INSERT INTO `indicador` VALUES (277, 202003, '36', 156992.00, 'P', '100');
INSERT INTO `indicador` VALUES (278, 202003, '38', 2908.84, 'P', '100');
INSERT INTO `indicador` VALUES (279, 202003, '3A', 79376.43, 'P', '100');
INSERT INTO `indicador` VALUES (280, 202003, '3B', 25158.22, 'P', '100');
INSERT INTO `indicador` VALUES (281, 202003, '3K', 1270.74, 'P', '100');
INSERT INTO `indicador` VALUES (282, 202003, '3Q', 192965.97, 'P', '100');
INSERT INTO `indicador` VALUES (283, 202003, '3S', 115510.54, 'P', '100');
INSERT INTO `indicador` VALUES (284, 202003, '3U', 846275.75, 'P', '100');
INSERT INTO `indicador` VALUES (285, 202003, '40', 529723.69, 'P', '100');
INSERT INTO `indicador` VALUES (286, 202003, '46', 525535.25, 'P', '100');
INSERT INTO `indicador` VALUES (287, 202003, '4B', 3000.00, 'P', '100');
INSERT INTO `indicador` VALUES (288, 202003, '50', 7813222.50, 'D', '100');
INSERT INTO `indicador` VALUES (289, 202003, '51', -14622.15, 'D', '100');
INSERT INTO `indicador` VALUES (290, 202003, '52', 411222.91, 'D', '100');
INSERT INTO `indicador` VALUES (291, 202003, '54', 8926.87, 'D', '100');
INSERT INTO `indicador` VALUES (292, 202003, '55', 1520.75, 'D', '100');
INSERT INTO `indicador` VALUES (293, 202003, '56', 263549.41, 'D', '100');
INSERT INTO `indicador` VALUES (294, 202003, '58', 3714.41, 'D', '100');
INSERT INTO `indicador` VALUES (295, 202003, '59', 2565.53, 'D', '100');
INSERT INTO `indicador` VALUES (296, 202003, '60', 511780.38, 'D', '100');
INSERT INTO `indicador` VALUES (297, 202003, '61', 22212.05, 'D', '100');
INSERT INTO `indicador` VALUES (298, 202003, '62', 177900.00, 'D', '100');
INSERT INTO `indicador` VALUES (299, 202003, '63', 6171541.00, 'D', '100');
INSERT INTO `indicador` VALUES (300, 202003, '65', 445987.69, 'D', '100');
INSERT INTO `indicador` VALUES (301, 202003, '66', 231842.52, 'D', '100');
INSERT INTO `indicador` VALUES (302, 202003, '67', 488670.38, 'D', '100');
INSERT INTO `indicador` VALUES (303, 202003, '6C', 782490.50, 'D', '100');
INSERT INTO `indicador` VALUES (304, 202003, '6D', 115890.70, 'D', '100');
INSERT INTO `indicador` VALUES (305, 202003, '6F', 171997.92, 'D', '100');
INSERT INTO `indicador` VALUES (306, 202003, '6G', 188110.84, 'D', '100');
INSERT INTO `indicador` VALUES (307, 202003, '6M', 1091.66, 'D', '100');
INSERT INTO `indicador` VALUES (308, 202003, '70', 8115.53, 'D', '100');
INSERT INTO `indicador` VALUES (309, 202003, '71', 530.00, 'D', '100');
INSERT INTO `indicador` VALUES (310, 202003, '72', 24777.00, 'D', '100');
INSERT INTO `indicador` VALUES (311, 202003, '78', 17136.43, 'D', '100');
INSERT INTO `indicador` VALUES (312, 202003, '79', 2385.00, 'D', '100');
INSERT INTO `indicador` VALUES (313, 202003, '7E', 224822.19, 'D', '100');
INSERT INTO `indicador` VALUES (314, 202003, '7G', 3566.12, 'D', '100');
INSERT INTO `indicador` VALUES (315, 202003, '7H', 17768.00, 'D', '100');
INSERT INTO `indicador` VALUES (316, 202003, '7I', 4560.30, 'D', '100');
INSERT INTO `indicador` VALUES (317, 202003, '7L', 492.00, 'D', '100');
INSERT INTO `indicador` VALUES (318, 202003, '7M', 68084.72, 'D', '100');
INSERT INTO `indicador` VALUES (319, 202003, '7T', 4281.60, 'D', '100');
INSERT INTO `indicador` VALUES (320, 202003, '7U', 14200.74, 'D', '100');
INSERT INTO `indicador` VALUES (321, 202003, '7V', 4372.74, 'D', '100');
INSERT INTO `indicador` VALUES (322, 202003, '7X', 460.00, 'D', '100');
INSERT INTO `indicador` VALUES (323, 202003, '7Y', 10841.54, 'D', '100');
INSERT INTO `indicador` VALUES (324, 202003, '7Z', 17695.13, 'D', '100');
INSERT INTO `indicador` VALUES (325, 202003, '81', 18120.01, 'D', '100');
INSERT INTO `indicador` VALUES (326, 202003, '89', 166357.61, 'D', '100');
INSERT INTO `indicador` VALUES (327, 202003, '8A', 6254.75, 'D', '100');
INSERT INTO `indicador` VALUES (328, 202003, '8B', 830.00, 'D', '100');
INSERT INTO `indicador` VALUES (329, 202003, '8F', 8169.38, 'D', '100');
INSERT INTO `indicador` VALUES (330, 202003, '8H', 3039.00, 'D', '100');
INSERT INTO `indicador` VALUES (331, 202003, '8J', 62146.95, 'D', '100');
INSERT INTO `indicador` VALUES (332, 202003, '8L', 66616.27, 'D', '100');
INSERT INTO `indicador` VALUES (333, 202003, '8P', 28318.07, 'D', '100');
INSERT INTO `indicador` VALUES (334, 202003, '8R', 79623.81, 'D', '100');
INSERT INTO `indicador` VALUES (335, 202003, '8T', 14149.35, 'D', '100');
INSERT INTO `indicador` VALUES (336, 202003, '8X', 63.50, 'D', '100');
INSERT INTO `indicador` VALUES (337, 202003, '8Y', 9313.35, 'D', '100');
INSERT INTO `indicador` VALUES (338, 202003, '8Z', 1371.00, 'D', '100');
INSERT INTO `indicador` VALUES (339, 202003, '90', 1000.00, 'D', '100');
INSERT INTO `indicador` VALUES (340, 202003, '92', 1859.38, 'D', '100');
INSERT INTO `indicador` VALUES (341, 202003, '99', 247172.00, 'D', '100');
INSERT INTO `indicador` VALUES (342, 202003, '9A', 208188.75, 'D', '100');
INSERT INTO `indicador` VALUES (343, 202003, '9B', 7497.98, 'D', '100');
INSERT INTO `indicador` VALUES (344, 202003, '9C', 501085.69, 'D', '100');
INSERT INTO `indicador` VALUES (345, 202003, '9J', 45570.07, 'D', '100');
INSERT INTO `indicador` VALUES (346, 202003, '9K', 200.00, 'D', '100');
INSERT INTO `indicador` VALUES (347, 202003, '9Q', 150.00, 'D', '100');
INSERT INTO `indicador` VALUES (348, 202003, '9W', 4895.00, 'D', '100');
INSERT INTO `indicador` VALUES (349, 202003, '9X', 2560.49, 'D', '100');
INSERT INTO `indicador` VALUES (350, 202003, '9Y', 1410.30, 'D', '100');
INSERT INTO `indicador` VALUES (351, 202003, '03', 21039.89, 'P', '400');
INSERT INTO `indicador` VALUES (352, 202003, '1F', 546124.75, 'P', '400');
INSERT INTO `indicador` VALUES (353, 202003, '1O', 9364.04, 'P', '400');
INSERT INTO `indicador` VALUES (354, 202003, '50', 128151.32, 'D', '400');
INSERT INTO `indicador` VALUES (355, 202003, '60', 2115.60, 'D', '400');
INSERT INTO `indicador` VALUES (356, 202003, '89', 3530.00, 'D', '400');
INSERT INTO `indicador` VALUES (357, 202003, '03', 73691.11, 'P', '500');
INSERT INTO `indicador` VALUES (358, 202003, '1O', 521032.00, 'P', '500');
INSERT INTO `indicador` VALUES (359, 202003, '50', 123722.44, 'D', '500');
INSERT INTO `indicador` VALUES (360, 202003, '60', 6709.35, 'D', '500');
INSERT INTO `indicador` VALUES (361, 202004, '01', 35339404.00, 'P', '100');
INSERT INTO `indicador` VALUES (362, 202004, '02', 54220.92, 'P', '100');
INSERT INTO `indicador` VALUES (363, 202004, '03', 1528617.12, 'P', '100');
INSERT INTO `indicador` VALUES (364, 202004, '05', 4649576.00, 'P', '100');
INSERT INTO `indicador` VALUES (365, 202004, '09', 1122650.38, 'P', '100');
INSERT INTO `indicador` VALUES (366, 202004, '10', 1133763.38, 'P', '100');
INSERT INTO `indicador` VALUES (367, 202004, '11', 61773.75, 'P', '100');
INSERT INTO `indicador` VALUES (368, 202004, '13', 778873.00, 'P', '100');
INSERT INTO `indicador` VALUES (369, 202004, '14', 3870.65, 'P', '100');
INSERT INTO `indicador` VALUES (370, 202004, '15', 1316163.62, 'P', '100');
INSERT INTO `indicador` VALUES (371, 202004, '16', 80582.26, 'P', '100');
INSERT INTO `indicador` VALUES (372, 202004, '17', 366037.72, 'P', '100');
INSERT INTO `indicador` VALUES (373, 202004, '18', 56224.23, 'P', '100');
INSERT INTO `indicador` VALUES (374, 202004, '19', 37474.50, 'P', '100');
INSERT INTO `indicador` VALUES (375, 202004, '1O', 151155.66, 'P', '100');
INSERT INTO `indicador` VALUES (376, 202004, '1P', 168750.00, 'P', '100');
INSERT INTO `indicador` VALUES (377, 202004, '1Q', 49950.00, 'P', '100');
INSERT INTO `indicador` VALUES (378, 202004, '1R', 188931.69, 'P', '100');
INSERT INTO `indicador` VALUES (379, 202004, '1S', 47477.47, 'P', '100');
INSERT INTO `indicador` VALUES (380, 202004, '1T', 7885.01, 'P', '100');
INSERT INTO `indicador` VALUES (381, 202004, '1X', 19500.00, 'P', '100');
INSERT INTO `indicador` VALUES (382, 202004, '20', 2058.39, 'P', '100');
INSERT INTO `indicador` VALUES (383, 202004, '21', 1000.00, 'P', '100');
INSERT INTO `indicador` VALUES (384, 202004, '22', 55495.75, 'P', '100');
INSERT INTO `indicador` VALUES (385, 202004, '23', 175.00, 'P', '100');
INSERT INTO `indicador` VALUES (386, 202004, '24', 4473.00, 'P', '100');
INSERT INTO `indicador` VALUES (387, 202004, '27', 1523148.00, 'P', '100');
INSERT INTO `indicador` VALUES (388, 202004, '2I', 164316.59, 'P', '100');
INSERT INTO `indicador` VALUES (389, 202004, '2X', 150458.77, 'P', '100');
INSERT INTO `indicador` VALUES (390, 202004, '30', 8823045.00, 'P', '100');
INSERT INTO `indicador` VALUES (391, 202004, '31', 194276.33, 'P', '100');
INSERT INTO `indicador` VALUES (392, 202004, '32', 0.00, 'P', '100');
INSERT INTO `indicador` VALUES (393, 202004, '33', 15133.22, 'P', '100');
INSERT INTO `indicador` VALUES (394, 202004, '34', 25875.00, 'P', '100');
INSERT INTO `indicador` VALUES (395, 202004, '35', 132266.08, 'P', '100');
INSERT INTO `indicador` VALUES (396, 202004, '36', 156992.00, 'P', '100');
INSERT INTO `indicador` VALUES (397, 202004, '3A', 71349.60, 'P', '100');
INSERT INTO `indicador` VALUES (398, 202004, '3Q', 193478.92, 'P', '100');
INSERT INTO `indicador` VALUES (399, 202004, '3S', 115334.76, 'P', '100');
INSERT INTO `indicador` VALUES (400, 202004, '3U', 845618.06, 'P', '100');
INSERT INTO `indicador` VALUES (401, 202004, '40', 529816.50, 'P', '100');
INSERT INTO `indicador` VALUES (402, 202004, '46', 525535.25, 'P', '100');
INSERT INTO `indicador` VALUES (403, 202004, '4B', 3000.00, 'P', '100');
INSERT INTO `indicador` VALUES (404, 202004, '50', 7805094.00, 'D', '100');
INSERT INTO `indicador` VALUES (405, 202004, '51', -11771.46, 'D', '100');
INSERT INTO `indicador` VALUES (406, 202004, '52', 411292.62, 'D', '100');
INSERT INTO `indicador` VALUES (407, 202004, '54', 6949.80, 'D', '100');
INSERT INTO `indicador` VALUES (408, 202004, '55', 1520.75, 'D', '100');
INSERT INTO `indicador` VALUES (409, 202004, '56', 254670.19, 'D', '100');
INSERT INTO `indicador` VALUES (410, 202004, '58', 5699.23, 'D', '100');
INSERT INTO `indicador` VALUES (411, 202004, '59', 2565.53, 'D', '100');
INSERT INTO `indicador` VALUES (412, 202004, '60', 506015.28, 'D', '100');
INSERT INTO `indicador` VALUES (413, 202004, '61', 22391.29, 'D', '100');
INSERT INTO `indicador` VALUES (414, 202004, '62', 178800.00, 'D', '100');
INSERT INTO `indicador` VALUES (415, 202004, '63', 6151635.50, 'D', '100');
INSERT INTO `indicador` VALUES (416, 202004, '65', 439244.34, 'D', '100');
INSERT INTO `indicador` VALUES (417, 202004, '66', 226550.44, 'D', '100');
INSERT INTO `indicador` VALUES (418, 202004, '6C', 761384.44, 'D', '100');
INSERT INTO `indicador` VALUES (419, 202004, '6D', 115868.83, 'D', '100');
INSERT INTO `indicador` VALUES (420, 202004, '6F', 171997.92, 'D', '100');
INSERT INTO `indicador` VALUES (421, 202004, '6G', 186015.80, 'D', '100');
INSERT INTO `indicador` VALUES (422, 202004, '6M', 1091.66, 'D', '100');
INSERT INTO `indicador` VALUES (423, 202004, '70', 8115.53, 'D', '100');
INSERT INTO `indicador` VALUES (424, 202004, '71', 530.00, 'D', '100');
INSERT INTO `indicador` VALUES (425, 202004, '72', 24777.00, 'D', '100');
INSERT INTO `indicador` VALUES (426, 202004, '78', 17136.43, 'D', '100');
INSERT INTO `indicador` VALUES (427, 202004, '79', 2385.00, 'D', '100');
INSERT INTO `indicador` VALUES (428, 202004, '7E', 226385.27, 'D', '100');
INSERT INTO `indicador` VALUES (429, 202004, '7G', 3566.12, 'D', '100');
INSERT INTO `indicador` VALUES (430, 202004, '7H', 12190.41, 'D', '100');
INSERT INTO `indicador` VALUES (431, 202004, '7I', 3333.72, 'D', '100');
INSERT INTO `indicador` VALUES (432, 202004, '7L', 492.00, 'D', '100');
INSERT INTO `indicador` VALUES (433, 202004, '7M', 67626.72, 'D', '100');
INSERT INTO `indicador` VALUES (434, 202004, '7T', 4281.60, 'D', '100');
INSERT INTO `indicador` VALUES (435, 202004, '7U', 14200.74, 'D', '100');
INSERT INTO `indicador` VALUES (436, 202004, '7V', 4372.74, 'D', '100');
INSERT INTO `indicador` VALUES (437, 202004, '7X', 460.00, 'D', '100');
INSERT INTO `indicador` VALUES (438, 202004, '7Y', 10841.54, 'D', '100');
INSERT INTO `indicador` VALUES (439, 202004, '7Z', 17695.13, 'D', '100');
INSERT INTO `indicador` VALUES (440, 202004, '81', 16183.01, 'D', '100');
INSERT INTO `indicador` VALUES (441, 202004, '89', 163093.61, 'D', '100');
INSERT INTO `indicador` VALUES (442, 202004, '8A', 6073.91, 'D', '100');
INSERT INTO `indicador` VALUES (443, 202004, '8B', 415.00, 'D', '100');
INSERT INTO `indicador` VALUES (444, 202004, '8F', 6185.59, 'D', '100');
INSERT INTO `indicador` VALUES (445, 202004, '8J', 61158.88, 'D', '100');
INSERT INTO `indicador` VALUES (446, 202004, '8L', 66616.27, 'D', '100');
INSERT INTO `indicador` VALUES (447, 202004, '8P', 28318.07, 'D', '100');
INSERT INTO `indicador` VALUES (448, 202004, '8R', 72838.04, 'D', '100');
INSERT INTO `indicador` VALUES (449, 202004, '8T', 13676.35, 'D', '100');
INSERT INTO `indicador` VALUES (450, 202004, '8X', 63.50, 'D', '100');
INSERT INTO `indicador` VALUES (451, 202004, '8Y', 9313.35, 'D', '100');
INSERT INTO `indicador` VALUES (452, 202004, '8Z', 951.52, 'D', '100');
INSERT INTO `indicador` VALUES (453, 202004, '90', 1000.00, 'D', '100');
INSERT INTO `indicador` VALUES (454, 202004, '92', 1859.38, 'D', '100');
INSERT INTO `indicador` VALUES (455, 202004, '99', 244791.50, 'D', '100');
INSERT INTO `indicador` VALUES (456, 202004, '9A', 207770.44, 'D', '100');
INSERT INTO `indicador` VALUES (457, 202004, '9B', 7497.98, 'D', '100');
INSERT INTO `indicador` VALUES (458, 202004, '9C', 501010.28, 'D', '100');
INSERT INTO `indicador` VALUES (459, 202004, '9J', 45220.07, 'D', '100');
INSERT INTO `indicador` VALUES (460, 202004, '9K', 200.00, 'D', '100');
INSERT INTO `indicador` VALUES (461, 202004, '9Q', 150.00, 'D', '100');
INSERT INTO `indicador` VALUES (462, 202004, '9W', 4895.00, 'D', '100');
INSERT INTO `indicador` VALUES (463, 202004, '9X', 2560.49, 'D', '100');
INSERT INTO `indicador` VALUES (464, 202004, '9Y', 1410.30, 'D', '100');
INSERT INTO `indicador` VALUES (465, 202004, '03', 43698.83, 'P', '400');
INSERT INTO `indicador` VALUES (466, 202004, '1F', 546124.75, 'P', '400');
INSERT INTO `indicador` VALUES (467, 202004, '1O', 9364.04, 'P', '400');
INSERT INTO `indicador` VALUES (468, 202004, '50', 140568.56, 'D', '400');
INSERT INTO `indicador` VALUES (469, 202004, '60', 2115.60, 'D', '400');
INSERT INTO `indicador` VALUES (470, 202004, '89', 3530.00, 'D', '400');
INSERT INTO `indicador` VALUES (471, 202004, '03', 79740.44, 'P', '500');
INSERT INTO `indicador` VALUES (472, 202004, '1O', 555032.00, 'P', '500');
INSERT INTO `indicador` VALUES (473, 202004, '50', 132775.22, 'D', '500');
INSERT INTO `indicador` VALUES (474, 202004, '60', 6709.35, 'D', '500');
INSERT INTO `indicador` VALUES (475, 202005, '01', 35526364.00, 'P', '100');
INSERT INTO `indicador` VALUES (476, 202005, '02', 54220.92, 'P', '100');
INSERT INTO `indicador` VALUES (477, 202005, '03', 1666228.75, 'P', '100');
INSERT INTO `indicador` VALUES (478, 202005, '04', 954.17, 'P', '100');
INSERT INTO `indicador` VALUES (479, 202005, '05', 4645937.50, 'P', '100');
INSERT INTO `indicador` VALUES (480, 202005, '09', 1120069.25, 'P', '100');
INSERT INTO `indicador` VALUES (481, 202005, '10', 1135250.88, 'P', '100');
INSERT INTO `indicador` VALUES (482, 202005, '11', 61681.88, 'P', '100');
INSERT INTO `indicador` VALUES (483, 202005, '13', 780791.38, 'P', '100');
INSERT INTO `indicador` VALUES (484, 202005, '14', 3860.90, 'P', '100');
INSERT INTO `indicador` VALUES (485, 202005, '15', 1319295.38, 'P', '100');
INSERT INTO `indicador` VALUES (486, 202005, '16', 78488.82, 'P', '100');
INSERT INTO `indicador` VALUES (487, 202005, '17', 365139.06, 'P', '100');
INSERT INTO `indicador` VALUES (488, 202005, '18', 56053.24, 'P', '100');
INSERT INTO `indicador` VALUES (489, 202005, '19', 37424.50, 'P', '100');
INSERT INTO `indicador` VALUES (490, 202005, '1O', 151759.66, 'P', '100');
INSERT INTO `indicador` VALUES (491, 202005, '1R', 188931.69, 'P', '100');
INSERT INTO `indicador` VALUES (492, 202005, '1S', 47477.47, 'P', '100');
INSERT INTO `indicador` VALUES (493, 202005, '1T', 7885.01, 'P', '100');
INSERT INTO `indicador` VALUES (494, 202005, '1X', 19500.00, 'P', '100');
INSERT INTO `indicador` VALUES (495, 202005, '20', 2058.39, 'P', '100');
INSERT INTO `indicador` VALUES (496, 202005, '21', 1000.00, 'P', '100');
INSERT INTO `indicador` VALUES (497, 202005, '22', 55727.37, 'P', '100');
INSERT INTO `indicador` VALUES (498, 202005, '23', 175.00, 'P', '100');
INSERT INTO `indicador` VALUES (499, 202005, '24', 4446.00, 'P', '100');
INSERT INTO `indicador` VALUES (500, 202005, '27', 1518019.75, 'P', '100');
INSERT INTO `indicador` VALUES (501, 202005, '2F', 51524.44, 'P', '100');
INSERT INTO `indicador` VALUES (502, 202005, '2I', 164316.59, 'P', '100');
INSERT INTO `indicador` VALUES (503, 202005, '2T', 7491.41, 'P', '100');
INSERT INTO `indicador` VALUES (504, 202005, '2X', 150357.91, 'P', '100');
INSERT INTO `indicador` VALUES (505, 202005, '30', 8806655.00, 'P', '100');
INSERT INTO `indicador` VALUES (506, 202005, '31', 193741.58, 'P', '100');
INSERT INTO `indicador` VALUES (507, 202005, '32', 0.00, 'P', '100');
INSERT INTO `indicador` VALUES (508, 202005, '33', 15133.22, 'P', '100');
INSERT INTO `indicador` VALUES (509, 202005, '34', 25875.00, 'P', '100');
INSERT INTO `indicador` VALUES (510, 202005, '35', 132180.56, 'P', '100');
INSERT INTO `indicador` VALUES (511, 202005, '36', 156992.00, 'P', '100');
INSERT INTO `indicador` VALUES (512, 202005, '3A', 77592.69, 'P', '100');
INSERT INTO `indicador` VALUES (513, 202005, '3F', 3039.00, 'P', '100');
INSERT INTO `indicador` VALUES (514, 202005, '3Q', 193106.97, 'P', '100');
INSERT INTO `indicador` VALUES (515, 202005, '3S', 115140.12, 'P', '100');
INSERT INTO `indicador` VALUES (516, 202005, '3U', 845819.50, 'P', '100');
INSERT INTO `indicador` VALUES (517, 202005, '40', 528350.06, 'P', '100');
INSERT INTO `indicador` VALUES (518, 202005, '45', 1102.53, 'P', '100');
INSERT INTO `indicador` VALUES (519, 202005, '46', 524095.91, 'P', '100');
INSERT INTO `indicador` VALUES (520, 202005, '4B', 3000.00, 'P', '100');
INSERT INTO `indicador` VALUES (521, 202005, '50', 7800685.00, 'D', '100');
INSERT INTO `indicador` VALUES (522, 202005, '51', -8997.61, 'D', '100');
INSERT INTO `indicador` VALUES (523, 202005, '52', 410594.06, 'D', '100');
INSERT INTO `indicador` VALUES (524, 202005, '54', 10682.55, 'D', '100');
INSERT INTO `indicador` VALUES (525, 202005, '55', 1520.75, 'D', '100');
INSERT INTO `indicador` VALUES (526, 202005, '56', 249438.52, 'D', '100');
INSERT INTO `indicador` VALUES (527, 202005, '58', 6451.68, 'D', '100');
INSERT INTO `indicador` VALUES (528, 202005, '59', 2565.53, 'D', '100');
INSERT INTO `indicador` VALUES (529, 202005, '60', 504361.22, 'D', '100');
INSERT INTO `indicador` VALUES (530, 202005, '61', 20532.32, 'D', '100');
INSERT INTO `indicador` VALUES (531, 202005, '62', 180100.00, 'D', '100');
INSERT INTO `indicador` VALUES (532, 202005, '63', 6140535.50, 'D', '100');
INSERT INTO `indicador` VALUES (533, 202005, '65', 434494.12, 'D', '100');
INSERT INTO `indicador` VALUES (534, 202005, '66', 213271.42, 'D', '100');
INSERT INTO `indicador` VALUES (535, 202005, '6C', 742880.56, 'D', '100');
INSERT INTO `indicador` VALUES (536, 202005, '6D', 115872.40, 'D', '100');
INSERT INTO `indicador` VALUES (537, 202005, '6F', 171997.92, 'D', '100');
INSERT INTO `indicador` VALUES (538, 202005, '6G', 183239.64, 'D', '100');
INSERT INTO `indicador` VALUES (539, 202005, '6L', 12826.00, 'D', '100');
INSERT INTO `indicador` VALUES (540, 202005, '6M', 2843.86, 'D', '100');
INSERT INTO `indicador` VALUES (541, 202005, '70', 8115.53, 'D', '100');
INSERT INTO `indicador` VALUES (542, 202005, '71', 530.00, 'D', '100');
INSERT INTO `indicador` VALUES (543, 202005, '72', 24870.00, 'D', '100');
INSERT INTO `indicador` VALUES (544, 202005, '78', 17136.43, 'D', '100');
INSERT INTO `indicador` VALUES (545, 202005, '79', 2385.00, 'D', '100');
INSERT INTO `indicador` VALUES (546, 202005, '7E', 224539.59, 'D', '100');
INSERT INTO `indicador` VALUES (547, 202005, '7G', 3566.12, 'D', '100');
INSERT INTO `indicador` VALUES (548, 202005, '7H', 10975.10, 'D', '100');
INSERT INTO `indicador` VALUES (549, 202005, '7I', 3233.72, 'D', '100');
INSERT INTO `indicador` VALUES (550, 202005, '7L', 492.00, 'D', '100');
INSERT INTO `indicador` VALUES (551, 202005, '7M', 64781.38, 'D', '100');
INSERT INTO `indicador` VALUES (552, 202005, '7T', 4281.60, 'D', '100');
INSERT INTO `indicador` VALUES (553, 202005, '7U', 12314.20, 'D', '100');
INSERT INTO `indicador` VALUES (554, 202005, '7V', 4372.74, 'D', '100');
INSERT INTO `indicador` VALUES (555, 202005, '7X', 460.00, 'D', '100');
INSERT INTO `indicador` VALUES (556, 202005, '7Y', 10528.38, 'D', '100');
INSERT INTO `indicador` VALUES (557, 202005, '7Z', 17695.13, 'D', '100');
INSERT INTO `indicador` VALUES (558, 202005, '81', 15888.01, 'D', '100');
INSERT INTO `indicador` VALUES (559, 202005, '89', 159570.61, 'D', '100');
INSERT INTO `indicador` VALUES (560, 202005, '8A', 5493.07, 'D', '100');
INSERT INTO `indicador` VALUES (561, 202005, '8B', 415.00, 'D', '100');
INSERT INTO `indicador` VALUES (562, 202005, '8F', 6185.59, 'D', '100');
INSERT INTO `indicador` VALUES (563, 202005, '8J', 54137.52, 'D', '100');
INSERT INTO `indicador` VALUES (564, 202005, '8L', 65821.99, 'D', '100');
INSERT INTO `indicador` VALUES (565, 202005, '8P', 28318.07, 'D', '100');
INSERT INTO `indicador` VALUES (566, 202005, '8R', 71128.09, 'D', '100');
INSERT INTO `indicador` VALUES (567, 202005, '8T', 12955.60, 'D', '100');
INSERT INTO `indicador` VALUES (568, 202005, '8X', 63.50, 'D', '100');
INSERT INTO `indicador` VALUES (569, 202005, '8Y', 9313.35, 'D', '100');
INSERT INTO `indicador` VALUES (570, 202005, '8Z', 951.52, 'D', '100');
INSERT INTO `indicador` VALUES (571, 202005, '90', 1000.00, 'D', '100');
INSERT INTO `indicador` VALUES (572, 202005, '92', 1859.38, 'D', '100');
INSERT INTO `indicador` VALUES (573, 202005, '99', 244291.50, 'D', '100');
INSERT INTO `indicador` VALUES (574, 202005, '9A', 208231.28, 'D', '100');
INSERT INTO `indicador` VALUES (575, 202005, '9B', 7497.98, 'D', '100');
INSERT INTO `indicador` VALUES (576, 202005, '9C', 506774.78, 'D', '100');
INSERT INTO `indicador` VALUES (577, 202005, '9J', 45620.08, 'D', '100');
INSERT INTO `indicador` VALUES (578, 202005, '9K', 200.00, 'D', '100');
INSERT INTO `indicador` VALUES (579, 202005, '9Q', 150.00, 'D', '100');
INSERT INTO `indicador` VALUES (580, 202005, '9W', 4895.00, 'D', '100');
INSERT INTO `indicador` VALUES (581, 202005, '9X', 2560.49, 'D', '100');
INSERT INTO `indicador` VALUES (582, 202005, '9Y', 1410.30, 'D', '100');
INSERT INTO `indicador` VALUES (583, 202005, '1F', 546124.75, 'P', '400');
INSERT INTO `indicador` VALUES (584, 202005, '1O', 9364.04, 'P', '400');
INSERT INTO `indicador` VALUES (585, 202005, '50', 132086.22, 'D', '400');
INSERT INTO `indicador` VALUES (586, 202005, '60', 2115.60, 'D', '400');
INSERT INTO `indicador` VALUES (587, 202005, '89', 3530.00, 'D', '400');
INSERT INTO `indicador` VALUES (588, 202005, '03', 31358.72, 'P', '500');
INSERT INTO `indicador` VALUES (589, 202005, '1O', 531532.00, 'P', '500');
INSERT INTO `indicador` VALUES (590, 202005, '50', 117950.55, 'D', '500');
INSERT INTO `indicador` VALUES (591, 202005, '60', 6709.35, 'D', '500');
INSERT INTO `indicador` VALUES (592, 202006, '01', 36241648.00, 'P', '100');
INSERT INTO `indicador` VALUES (593, 202006, '02', 53475.84, 'P', '100');
INSERT INTO `indicador` VALUES (594, 202006, '04', 3158.37, 'P', '100');
INSERT INTO `indicador` VALUES (595, 202006, '05', 4516997.00, 'P', '100');
INSERT INTO `indicador` VALUES (596, 202006, '09', 1093763.25, 'P', '100');
INSERT INTO `indicador` VALUES (597, 202006, '10', 1187929.00, 'P', '100');
INSERT INTO `indicador` VALUES (598, 202006, '11', 60422.77, 'P', '100');
INSERT INTO `indicador` VALUES (599, 202006, '13', 855443.50, 'P', '100');
INSERT INTO `indicador` VALUES (600, 202006, '14', 3763.40, 'P', '100');
INSERT INTO `indicador` VALUES (601, 202006, '15', 1256466.00, 'P', '100');
INSERT INTO `indicador` VALUES (602, 202006, '16', 63365.60, 'P', '100');
INSERT INTO `indicador` VALUES (603, 202006, '17', 358341.22, 'P', '100');
INSERT INTO `indicador` VALUES (604, 202006, '18', 54876.57, 'P', '100');
INSERT INTO `indicador` VALUES (605, 202006, '19', 36772.00, 'P', '100');
INSERT INTO `indicador` VALUES (606, 202006, '1J', 3421.70, 'P', '100');
INSERT INTO `indicador` VALUES (607, 202006, '1O', 161907.66, 'P', '100');
INSERT INTO `indicador` VALUES (608, 202006, '1R', 267141.59, 'P', '100');
INSERT INTO `indicador` VALUES (609, 202006, '1S', 47477.47, 'P', '100');
INSERT INTO `indicador` VALUES (610, 202006, '1T', 8271.66, 'P', '100');
INSERT INTO `indicador` VALUES (611, 202006, '1X', 19500.00, 'P', '100');
INSERT INTO `indicador` VALUES (612, 202006, '20', 2058.39, 'P', '100');
INSERT INTO `indicador` VALUES (613, 202006, '21', 1000.00, 'P', '100');
INSERT INTO `indicador` VALUES (614, 202006, '22', 64118.44, 'P', '100');
INSERT INTO `indicador` VALUES (615, 202006, '23', 175.00, 'P', '100');
INSERT INTO `indicador` VALUES (616, 202006, '24', 17637.00, 'P', '100');
INSERT INTO `indicador` VALUES (617, 202006, '27', 1478555.12, 'P', '100');
INSERT INTO `indicador` VALUES (618, 202006, '2I', 151275.59, 'P', '100');
INSERT INTO `indicador` VALUES (619, 202006, '2X', 151965.42, 'P', '100');
INSERT INTO `indicador` VALUES (620, 202006, '2Z', 10793.34, 'P', '100');
INSERT INTO `indicador` VALUES (621, 202006, '30', 8597604.00, 'P', '100');
INSERT INTO `indicador` VALUES (622, 202006, '31', 191780.83, 'P', '100');
INSERT INTO `indicador` VALUES (623, 202006, '32', 0.00, 'P', '100');
INSERT INTO `indicador` VALUES (624, 202006, '33', 14668.32, 'P', '100');
INSERT INTO `indicador` VALUES (625, 202006, '34', 25875.00, 'P', '100');
INSERT INTO `indicador` VALUES (626, 202006, '35', 127151.17, 'P', '100');
INSERT INTO `indicador` VALUES (627, 202006, '36', 152576.59, 'P', '100');
INSERT INTO `indicador` VALUES (628, 202006, '38', 2593.43, 'P', '100');
INSERT INTO `indicador` VALUES (629, 202006, '39', 719.97, 'P', '100');
INSERT INTO `indicador` VALUES (630, 202006, '3A', 71349.60, 'P', '100');
INSERT INTO `indicador` VALUES (631, 202006, '3B', 58323.42, 'P', '100');
INSERT INTO `indicador` VALUES (632, 202006, '3F', 1112430.00, 'P', '100');
INSERT INTO `indicador` VALUES (633, 202006, '3Q', 185003.88, 'P', '100');
INSERT INTO `indicador` VALUES (634, 202006, '3S', 113406.89, 'P', '100');
INSERT INTO `indicador` VALUES (635, 202006, '3U', 825430.12, 'P', '100');
INSERT INTO `indicador` VALUES (636, 202006, '40', 523004.97, 'P', '100');
INSERT INTO `indicador` VALUES (637, 202006, '46', 518818.22, 'P', '100');
INSERT INTO `indicador` VALUES (638, 202006, '48', 2108972.25, 'P', '100');
INSERT INTO `indicador` VALUES (639, 202006, '4B', 3000.00, 'P', '100');
INSERT INTO `indicador` VALUES (640, 202006, '50', 8249758.50, 'D', '100');
INSERT INTO `indicador` VALUES (641, 202006, '52', 400528.03, 'D', '100');
INSERT INTO `indicador` VALUES (642, 202006, '54', 17370.16, 'D', '100');
INSERT INTO `indicador` VALUES (643, 202006, '55', 1520.75, 'D', '100');
INSERT INTO `indicador` VALUES (644, 202006, '56', 216917.95, 'D', '100');
INSERT INTO `indicador` VALUES (645, 202006, '58', 7199.47, 'D', '100');
INSERT INTO `indicador` VALUES (646, 202006, '59', 590.17, 'D', '100');
INSERT INTO `indicador` VALUES (647, 202006, '60', 483004.03, 'D', '100');
INSERT INTO `indicador` VALUES (648, 202006, '61', 19420.95, 'D', '100');
INSERT INTO `indicador` VALUES (649, 202006, '62', 178800.00, 'D', '100');
INSERT INTO `indicador` VALUES (650, 202006, '63', 6000574.50, 'D', '100');
INSERT INTO `indicador` VALUES (651, 202006, '65', 442901.69, 'D', '100');
INSERT INTO `indicador` VALUES (652, 202006, '66', 216102.05, 'D', '100');
INSERT INTO `indicador` VALUES (653, 202006, '6C', 718074.38, 'D', '100');
INSERT INTO `indicador` VALUES (654, 202006, '6D', 113046.94, 'D', '100');
INSERT INTO `indicador` VALUES (655, 202006, '6F', 165228.31, 'D', '100');
INSERT INTO `indicador` VALUES (656, 202006, '6G', 181406.81, 'D', '100');
INSERT INTO `indicador` VALUES (657, 202006, '6L', 44337.00, 'D', '100');
INSERT INTO `indicador` VALUES (658, 202006, '6M', 2843.86, 'D', '100');
INSERT INTO `indicador` VALUES (659, 202006, '70', 7964.69, 'D', '100');
INSERT INTO `indicador` VALUES (660, 202006, '71', 530.00, 'D', '100');
INSERT INTO `indicador` VALUES (661, 202006, '72', 23730.00, 'D', '100');
INSERT INTO `indicador` VALUES (662, 202006, '78', 17136.43, 'D', '100');
INSERT INTO `indicador` VALUES (663, 202006, '79', 2315.00, 'D', '100');
INSERT INTO `indicador` VALUES (664, 202006, '7E', 225128.20, 'D', '100');
INSERT INTO `indicador` VALUES (665, 202006, '7G', 2274.52, 'D', '100');
INSERT INTO `indicador` VALUES (666, 202006, '7H', 8866.67, 'D', '100');
INSERT INTO `indicador` VALUES (667, 202006, '7I', 3233.72, 'D', '100');
INSERT INTO `indicador` VALUES (668, 202006, '7L', 492.00, 'D', '100');
INSERT INTO `indicador` VALUES (669, 202006, '7M', 64057.05, 'D', '100');
INSERT INTO `indicador` VALUES (670, 202006, '7T', 4281.60, 'D', '100');
INSERT INTO `indicador` VALUES (671, 202006, '7U', 7447.54, 'D', '100');
INSERT INTO `indicador` VALUES (672, 202006, '7V', 4582.54, 'D', '100');
INSERT INTO `indicador` VALUES (673, 202006, '7X', 460.00, 'D', '100');
INSERT INTO `indicador` VALUES (674, 202006, '7Y', 10528.38, 'D', '100');
INSERT INTO `indicador` VALUES (675, 202006, '7Z', 17305.51, 'D', '100');
INSERT INTO `indicador` VALUES (676, 202006, '81', 14560.01, 'D', '100');
INSERT INTO `indicador` VALUES (677, 202006, '89', 140267.61, 'D', '100');
INSERT INTO `indicador` VALUES (678, 202006, '8A', 4413.07, 'D', '100');
INSERT INTO `indicador` VALUES (679, 202006, '8F', 6185.59, 'D', '100');
INSERT INTO `indicador` VALUES (680, 202006, '8J', 50638.77, 'D', '100');
INSERT INTO `indicador` VALUES (681, 202006, '8L', 63469.29, 'D', '100');
INSERT INTO `indicador` VALUES (682, 202006, '8P', 26816.64, 'D', '100');
INSERT INTO `indicador` VALUES (683, 202006, '8R', 70264.93, 'D', '100');
INSERT INTO `indicador` VALUES (684, 202006, '8T', 11977.33, 'D', '100');
INSERT INTO `indicador` VALUES (685, 202006, '8X', 63.50, 'D', '100');
INSERT INTO `indicador` VALUES (686, 202006, '8Y', 9018.35, 'D', '100');
INSERT INTO `indicador` VALUES (687, 202006, '8Z', 951.52, 'D', '100');
INSERT INTO `indicador` VALUES (688, 202006, '90', 750.00, 'D', '100');
INSERT INTO `indicador` VALUES (689, 202006, '92', 1859.38, 'D', '100');
INSERT INTO `indicador` VALUES (690, 202006, '99', 234903.50, 'D', '100');
INSERT INTO `indicador` VALUES (691, 202006, '9A', 199873.45, 'D', '100');
INSERT INTO `indicador` VALUES (692, 202006, '9B', 7497.98, 'D', '100');
INSERT INTO `indicador` VALUES (693, 202006, '9C', 487191.41, 'D', '100');
INSERT INTO `indicador` VALUES (694, 202006, '9J', 45720.07, 'D', '100');
INSERT INTO `indicador` VALUES (695, 202006, '9K', 200.00, 'D', '100');
INSERT INTO `indicador` VALUES (696, 202006, '9Q', 150.00, 'D', '100');
INSERT INTO `indicador` VALUES (697, 202006, '9W', 4775.00, 'D', '100');
INSERT INTO `indicador` VALUES (698, 202006, '9X', 2560.49, 'D', '100');
INSERT INTO `indicador` VALUES (699, 202006, '9Y', 1410.30, 'D', '100');
INSERT INTO `indicador` VALUES (700, 202006, '1F', 546124.75, 'P', '400');
INSERT INTO `indicador` VALUES (701, 202006, '1O', 9364.04, 'P', '400');
INSERT INTO `indicador` VALUES (702, 202006, '50', 131997.22, 'D', '400');
INSERT INTO `indicador` VALUES (703, 202006, '60', 2115.60, 'D', '400');
INSERT INTO `indicador` VALUES (704, 202006, '89', 3530.00, 'D', '400');
INSERT INTO `indicador` VALUES (705, 202006, '1O', 530532.00, 'P', '500');
INSERT INTO `indicador` VALUES (706, 202006, '50', 0.00, '1', '500');
INSERT INTO `indicador` VALUES (707, 202006, '60', 0.00, '6', '500');
INSERT INTO `indicador` VALUES (708, 202007, '01', 34530508.00, 'P', '100');
INSERT INTO `indicador` VALUES (709, 202007, '02', 52745.66, 'P', '100');
INSERT INTO `indicador` VALUES (710, 202007, '03', 818136.00, 'P', '100');
INSERT INTO `indicador` VALUES (711, 202007, '04', 3346565.75, 'P', '100');
INSERT INTO `indicador` VALUES (712, 202007, '05', 4519544.50, 'P', '100');
INSERT INTO `indicador` VALUES (713, 202007, '09', 1090593.88, 'P', '100');
INSERT INTO `indicador` VALUES (714, 202007, '10', 1122441.00, 'P', '100');
INSERT INTO `indicador` VALUES (715, 202007, '11', 60186.53, 'P', '100');
INSERT INTO `indicador` VALUES (716, 202007, '13', 780698.75, 'P', '100');
INSERT INTO `indicador` VALUES (717, 202007, '14', 3753.65, 'P', '100');
INSERT INTO `indicador` VALUES (718, 202007, '15', 1256233.38, 'P', '100');
INSERT INTO `indicador` VALUES (719, 202007, '16', 63365.60, 'P', '100');
INSERT INTO `indicador` VALUES (720, 202007, '17', 357342.72, 'P', '100');
INSERT INTO `indicador` VALUES (721, 202007, '18', 54769.57, 'P', '100');
INSERT INTO `indicador` VALUES (722, 202007, '19', 36757.50, 'P', '100');
INSERT INTO `indicador` VALUES (723, 202007, '1O', 151307.66, 'P', '100');
INSERT INTO `indicador` VALUES (724, 202007, '1R', 210478.36, 'P', '100');
INSERT INTO `indicador` VALUES (725, 202007, '1S', 47477.47, 'P', '100');
INSERT INTO `indicador` VALUES (726, 202007, '1T', 8271.66, 'P', '100');
INSERT INTO `indicador` VALUES (727, 202007, '1X', 19500.00, 'P', '100');
INSERT INTO `indicador` VALUES (728, 202007, '20', 2058.39, 'P', '100');
INSERT INTO `indicador` VALUES (729, 202007, '21', 1000.00, 'P', '100');
INSERT INTO `indicador` VALUES (730, 202007, '22', 55846.87, 'P', '100');
INSERT INTO `indicador` VALUES (731, 202007, '23', 175.00, 'P', '100');
INSERT INTO `indicador` VALUES (732, 202007, '27', 1474165.00, 'P', '100');
INSERT INTO `indicador` VALUES (733, 202007, '2I', 153883.80, 'P', '100');
INSERT INTO `indicador` VALUES (734, 202007, '2X', 149261.73, 'P', '100');
INSERT INTO `indicador` VALUES (735, 202007, '30', 8572400.00, 'P', '100');
INSERT INTO `indicador` VALUES (736, 202007, '31', 191424.33, 'P', '100');
INSERT INTO `indicador` VALUES (737, 202007, '32', 0.00, 'P', '100');
INSERT INTO `indicador` VALUES (738, 202007, '33', 14668.32, 'P', '100');
INSERT INTO `indicador` VALUES (739, 202007, '34', 25125.00, 'P', '100');
INSERT INTO `indicador` VALUES (740, 202007, '35', 127151.17, 'P', '100');
INSERT INTO `indicador` VALUES (741, 202007, '36', 152576.59, 'P', '100');
INSERT INTO `indicador` VALUES (742, 202007, '3A', 71349.60, 'P', '100');
INSERT INTO `indicador` VALUES (743, 202007, '3Q', 184698.31, 'P', '100');
INSERT INTO `indicador` VALUES (744, 202007, '3S', 113025.02, 'P', '100');
INSERT INTO `indicador` VALUES (745, 202007, '3U', 822419.12, 'P', '100');
INSERT INTO `indicador` VALUES (746, 202007, '40', 522012.47, 'P', '100');
INSERT INTO `indicador` VALUES (747, 202007, '46', 517858.62, 'P', '100');
INSERT INTO `indicador` VALUES (748, 202007, '4B', 3000.00, 'P', '100');
INSERT INTO `indicador` VALUES (749, 202007, '50', 8184833.00, 'D', '100');
INSERT INTO `indicador` VALUES (750, 202007, '52', 398370.16, 'D', '100');
INSERT INTO `indicador` VALUES (751, 202007, '54', 10124.31, 'D', '100');
INSERT INTO `indicador` VALUES (752, 202007, '55', 1520.75, 'D', '100');
INSERT INTO `indicador` VALUES (753, 202007, '56', 215347.06, 'D', '100');
INSERT INTO `indicador` VALUES (754, 202007, '59', 590.17, 'D', '100');
INSERT INTO `indicador` VALUES (755, 202007, '60', 495451.75, 'D', '100');
INSERT INTO `indicador` VALUES (756, 202007, '61', 16897.50, 'D', '100');
INSERT INTO `indicador` VALUES (757, 202007, '62', 178800.00, 'D', '100');
INSERT INTO `indicador` VALUES (758, 202007, '63', 5967142.50, 'D', '100');
INSERT INTO `indicador` VALUES (759, 202007, '65', 442378.44, 'D', '100');
INSERT INTO `indicador` VALUES (760, 202007, '66', 217817.55, 'D', '100');
INSERT INTO `indicador` VALUES (761, 202007, '6C', 696466.88, 'D', '100');
INSERT INTO `indicador` VALUES (762, 202007, '6D', 112947.80, 'D', '100');
INSERT INTO `indicador` VALUES (763, 202007, '6F', 165228.31, 'D', '100');
INSERT INTO `indicador` VALUES (764, 202007, '6G', 178557.44, 'D', '100');
INSERT INTO `indicador` VALUES (765, 202007, '6L', 43737.00, 'D', '100');
INSERT INTO `indicador` VALUES (766, 202007, '6M', 2843.86, 'D', '100');
INSERT INTO `indicador` VALUES (767, 202007, '70', 7964.69, 'D', '100');
INSERT INTO `indicador` VALUES (768, 202007, '71', 530.00, 'D', '100');
INSERT INTO `indicador` VALUES (769, 202007, '72', 23730.00, 'D', '100');
INSERT INTO `indicador` VALUES (770, 202007, '78', 17136.43, 'D', '100');
INSERT INTO `indicador` VALUES (771, 202007, '79', 2315.00, 'D', '100');
INSERT INTO `indicador` VALUES (772, 202007, '7E', 224639.94, 'D', '100');
INSERT INTO `indicador` VALUES (773, 202007, '7G', 2274.52, 'D', '100');
INSERT INTO `indicador` VALUES (774, 202007, '7H', 8140.52, 'D', '100');
INSERT INTO `indicador` VALUES (775, 202007, '7I', 3233.72, 'D', '100');
INSERT INTO `indicador` VALUES (776, 202007, '7L', 492.00, 'D', '100');
INSERT INTO `indicador` VALUES (777, 202007, '7M', 64057.05, 'D', '100');
INSERT INTO `indicador` VALUES (778, 202007, '7T', 4281.60, 'D', '100');
INSERT INTO `indicador` VALUES (779, 202007, '7U', 7447.54, 'D', '100');
INSERT INTO `indicador` VALUES (780, 202007, '7V', 4372.74, 'D', '100');
INSERT INTO `indicador` VALUES (781, 202007, '7X', 460.00, 'D', '100');
INSERT INTO `indicador` VALUES (782, 202007, '7Y', 10528.38, 'D', '100');
INSERT INTO `indicador` VALUES (783, 202007, '7Z', 17305.51, 'D', '100');
INSERT INTO `indicador` VALUES (784, 202007, '81', 14560.01, 'D', '100');
INSERT INTO `indicador` VALUES (785, 202007, '89', 140267.61, 'D', '100');
INSERT INTO `indicador` VALUES (786, 202007, '8A', 3026.67, 'D', '100');
INSERT INTO `indicador` VALUES (787, 202007, '8F', 6185.59, 'D', '100');
INSERT INTO `indicador` VALUES (788, 202007, '8J', 44985.27, 'D', '100');
INSERT INTO `indicador` VALUES (789, 202007, '8L', 63469.29, 'D', '100');
INSERT INTO `indicador` VALUES (790, 202007, '8P', 26816.64, 'D', '100');
INSERT INTO `indicador` VALUES (791, 202007, '8R', 70264.93, 'D', '100');
INSERT INTO `indicador` VALUES (792, 202007, '8T', 11757.33, 'D', '100');
INSERT INTO `indicador` VALUES (793, 202007, '8X', 63.50, 'D', '100');
INSERT INTO `indicador` VALUES (794, 202007, '8Y', 8032.35, 'D', '100');
INSERT INTO `indicador` VALUES (795, 202007, '8Z', 951.52, 'D', '100');
INSERT INTO `indicador` VALUES (796, 202007, '90', 750.00, 'D', '100');
INSERT INTO `indicador` VALUES (797, 202007, '92', 1859.38, 'D', '100');
INSERT INTO `indicador` VALUES (798, 202007, '99', 234903.50, 'D', '100');
INSERT INTO `indicador` VALUES (799, 202007, '9A', 199873.45, 'D', '100');
INSERT INTO `indicador` VALUES (800, 202007, '9B', 7497.98, 'D', '100');
INSERT INTO `indicador` VALUES (801, 202007, '9C', 487678.50, 'D', '100');
INSERT INTO `indicador` VALUES (802, 202007, '9J', 45720.07, 'D', '100');
INSERT INTO `indicador` VALUES (803, 202007, '9K', 200.00, 'D', '100');
INSERT INTO `indicador` VALUES (804, 202007, '9Q', 150.00, 'D', '100');
INSERT INTO `indicador` VALUES (805, 202007, '9W', 4775.00, 'D', '100');
INSERT INTO `indicador` VALUES (806, 202007, '9X', 2560.49, 'D', '100');
INSERT INTO `indicador` VALUES (807, 202007, '9Y', 1410.30, 'D', '100');
INSERT INTO `indicador` VALUES (808, 202007, '03', 104088.39, 'P', '400');
INSERT INTO `indicador` VALUES (809, 202007, '04', 245415.89, 'P', '400');
INSERT INTO `indicador` VALUES (810, 202007, '1F', 546124.75, 'P', '400');
INSERT INTO `indicador` VALUES (811, 202007, '1O', 9364.04, 'P', '400');
INSERT INTO `indicador` VALUES (812, 202007, '50', 207417.05, 'D', '400');
INSERT INTO `indicador` VALUES (813, 202007, '60', 2737.80, 'D', '400');
INSERT INTO `indicador` VALUES (814, 202007, '89', 3530.00, 'D', '400');
INSERT INTO `indicador` VALUES (815, 202007, '03', 34893.16, 'P', '500');
INSERT INTO `indicador` VALUES (816, 202007, '04', 294832.25, 'P', '500');
INSERT INTO `indicador` VALUES (817, 202007, '1O', 528532.00, 'P', '500');
INSERT INTO `indicador` VALUES (818, 202007, '50', 183682.09, 'D', '500');
INSERT INTO `indicador` VALUES (819, 202007, '60', 10265.82, 'D', '500');
INSERT INTO `indicador` VALUES (820, 202008, '01', 34865648.00, 'P', '100');
INSERT INTO `indicador` VALUES (821, 202008, '02', 53214.20, 'P', '100');
INSERT INTO `indicador` VALUES (822, 202008, '03', 205744.88, 'P', '100');
INSERT INTO `indicador` VALUES (823, 202008, '05', 4519205.00, 'P', '100');
INSERT INTO `indicador` VALUES (824, 202008, '09', 1091397.50, 'P', '100');
INSERT INTO `indicador` VALUES (825, 202008, '10', 1133358.50, 'P', '100');
INSERT INTO `indicador` VALUES (826, 202008, '11', 60186.53, 'P', '100');
INSERT INTO `indicador` VALUES (827, 202008, '13', 792784.19, 'P', '100');
INSERT INTO `indicador` VALUES (828, 202008, '14', 3757.55, 'P', '100');
INSERT INTO `indicador` VALUES (829, 202008, '15', 1257046.38, 'P', '100');
INSERT INTO `indicador` VALUES (830, 202008, '16', 63662.88, 'P', '100');
INSERT INTO `indicador` VALUES (831, 202008, '17', 358133.50, 'P', '100');
INSERT INTO `indicador` VALUES (832, 202008, '18', 54734.47, 'P', '100');
INSERT INTO `indicador` VALUES (833, 202008, '19', 36749.00, 'P', '100');
INSERT INTO `indicador` VALUES (834, 202008, '1O', 151307.66, 'P', '100');
INSERT INTO `indicador` VALUES (835, 202008, '1R', 210478.36, 'P', '100');
INSERT INTO `indicador` VALUES (836, 202008, '1S', 47477.47, 'P', '100');
INSERT INTO `indicador` VALUES (837, 202008, '1T', 8271.66, 'P', '100');
INSERT INTO `indicador` VALUES (838, 202008, '1X', 19500.00, 'P', '100');
INSERT INTO `indicador` VALUES (839, 202008, '20', 2058.39, 'P', '100');
INSERT INTO `indicador` VALUES (840, 202008, '21', 1000.00, 'P', '100');
INSERT INTO `indicador` VALUES (841, 202008, '22', 56615.69, 'P', '100');
INSERT INTO `indicador` VALUES (842, 202008, '23', 175.00, 'P', '100');
INSERT INTO `indicador` VALUES (843, 202008, '24', 14102.00, 'P', '100');
INSERT INTO `indicador` VALUES (844, 202008, '27', 1475026.75, 'P', '100');
INSERT INTO `indicador` VALUES (845, 202008, '2A', 575162.06, 'P', '100');
INSERT INTO `indicador` VALUES (846, 202008, '2I', 151275.59, 'P', '100');
INSERT INTO `indicador` VALUES (847, 202008, '2X', 154077.23, 'P', '100');
INSERT INTO `indicador` VALUES (848, 202008, '30', 8577783.00, 'P', '100');
INSERT INTO `indicador` VALUES (849, 202008, '31', 192493.83, 'P', '100');
INSERT INTO `indicador` VALUES (850, 202008, '32', 0.00, 'P', '100');
INSERT INTO `indicador` VALUES (851, 202008, '33', 14668.32, 'P', '100');
INSERT INTO `indicador` VALUES (852, 202008, '34', 24750.00, 'P', '100');
INSERT INTO `indicador` VALUES (853, 202008, '35', 127151.17, 'P', '100');
INSERT INTO `indicador` VALUES (854, 202008, '36', 152576.59, 'P', '100');
INSERT INTO `indicador` VALUES (855, 202008, '3A', 73133.34, 'P', '100');
INSERT INTO `indicador` VALUES (856, 202008, '3Q', 184968.17, 'P', '100');
INSERT INTO `indicador` VALUES (857, 202008, '3S', 113030.89, 'P', '100');
INSERT INTO `indicador` VALUES (858, 202008, '3U', 823133.31, 'P', '100');
INSERT INTO `indicador` VALUES (859, 202008, '40', 524971.38, 'P', '100');
INSERT INTO `indicador` VALUES (860, 202008, '46', 520737.38, 'P', '100');
INSERT INTO `indicador` VALUES (861, 202008, '47', 3849639.50, 'P', '100');
INSERT INTO `indicador` VALUES (862, 202008, '4B', 3000.00, 'P', '100');
INSERT INTO `indicador` VALUES (863, 202008, '50', 8323328.00, 'D', '100');
INSERT INTO `indicador` VALUES (864, 202008, '52', 398974.16, 'D', '100');
INSERT INTO `indicador` VALUES (865, 202008, '54', 14957.69, 'D', '100');
INSERT INTO `indicador` VALUES (866, 202008, '55', 1520.75, 'D', '100');
INSERT INTO `indicador` VALUES (867, 202008, '56', 214341.97, 'D', '100');
INSERT INTO `indicador` VALUES (868, 202008, '58', 11998.50, 'D', '100');
INSERT INTO `indicador` VALUES (869, 202008, '59', 590.17, 'D', '100');
INSERT INTO `indicador` VALUES (870, 202008, '60', 488980.22, 'D', '100');
INSERT INTO `indicador` VALUES (871, 202008, '61', 15493.11, 'D', '100');
INSERT INTO `indicador` VALUES (872, 202008, '62', 180100.00, 'D', '100');
INSERT INTO `indicador` VALUES (873, 202008, '63', 5974686.00, 'D', '100');
INSERT INTO `indicador` VALUES (874, 202008, '65', 442378.44, 'D', '100');
INSERT INTO `indicador` VALUES (875, 202008, '66', 210188.09, 'D', '100');
INSERT INTO `indicador` VALUES (876, 202008, '6C', 680701.75, 'D', '100');
INSERT INTO `indicador` VALUES (877, 202008, '6D', 112963.74, 'D', '100');
INSERT INTO `indicador` VALUES (878, 202008, '6F', 165228.31, 'D', '100');
INSERT INTO `indicador` VALUES (879, 202008, '6G', 178557.44, 'D', '100');
INSERT INTO `indicador` VALUES (880, 202008, '6L', 44872.56, 'D', '100');
INSERT INTO `indicador` VALUES (881, 202008, '6M', 4143.93, 'D', '100');
INSERT INTO `indicador` VALUES (882, 202008, '70', 7964.69, 'D', '100');
INSERT INTO `indicador` VALUES (883, 202008, '71', 30.00, 'D', '100');
INSERT INTO `indicador` VALUES (884, 202008, '72', 25143.00, 'D', '100');
INSERT INTO `indicador` VALUES (885, 202008, '78', 17136.43, 'D', '100');
INSERT INTO `indicador` VALUES (886, 202008, '79', 2315.00, 'D', '100');
INSERT INTO `indicador` VALUES (887, 202008, '7E', 233868.41, 'D', '100');
INSERT INTO `indicador` VALUES (888, 202008, '7G', 2274.52, 'D', '100');
INSERT INTO `indicador` VALUES (889, 202008, '7H', 6356.74, 'D', '100');
INSERT INTO `indicador` VALUES (890, 202008, '7I', 3133.72, 'D', '100');
INSERT INTO `indicador` VALUES (891, 202008, '7L', 492.00, 'D', '100');
INSERT INTO `indicador` VALUES (892, 202008, '7M', 58836.31, 'D', '100');
INSERT INTO `indicador` VALUES (893, 202008, '7T', 4281.60, 'D', '100');
INSERT INTO `indicador` VALUES (894, 202008, '7U', 7447.54, 'D', '100');
INSERT INTO `indicador` VALUES (895, 202008, '7V', 4858.71, 'D', '100');
INSERT INTO `indicador` VALUES (896, 202008, '7X', 460.00, 'D', '100');
INSERT INTO `indicador` VALUES (897, 202008, '7Y', 10528.38, 'D', '100');
INSERT INTO `indicador` VALUES (898, 202008, '7Z', 17305.51, 'D', '100');
INSERT INTO `indicador` VALUES (899, 202008, '81', 13054.01, 'D', '100');
INSERT INTO `indicador` VALUES (900, 202008, '89', 139877.61, 'D', '100');
INSERT INTO `indicador` VALUES (901, 202008, '8A', 2996.67, 'D', '100');
INSERT INTO `indicador` VALUES (902, 202008, '8F', 5329.82, 'D', '100');
INSERT INTO `indicador` VALUES (903, 202008, '8J', 44715.91, 'D', '100');
INSERT INTO `indicador` VALUES (904, 202008, '8L', 61752.15, 'D', '100');
INSERT INTO `indicador` VALUES (905, 202008, '8P', 23908.07, 'D', '100');
INSERT INTO `indicador` VALUES (906, 202008, '8R', 71952.78, 'D', '100');
INSERT INTO `indicador` VALUES (907, 202008, '8T', 8915.69, 'D', '100');
INSERT INTO `indicador` VALUES (908, 202008, '8X', 63.50, 'D', '100');
INSERT INTO `indicador` VALUES (909, 202008, '8Y', 8032.35, 'D', '100');
INSERT INTO `indicador` VALUES (910, 202008, '8Z', 951.52, 'D', '100');
INSERT INTO `indicador` VALUES (911, 202008, '90', 750.00, 'D', '100');
INSERT INTO `indicador` VALUES (912, 202008, '92', 1859.38, 'D', '100');
INSERT INTO `indicador` VALUES (913, 202008, '99', 235503.50, 'D', '100');
INSERT INTO `indicador` VALUES (914, 202008, '9A', 199873.45, 'D', '100');
INSERT INTO `indicador` VALUES (915, 202008, '9B', 7497.98, 'D', '100');
INSERT INTO `indicador` VALUES (916, 202008, '9C', 489160.41, 'D', '100');
INSERT INTO `indicador` VALUES (917, 202008, '9J', 47670.05, 'D', '100');
INSERT INTO `indicador` VALUES (918, 202008, '9K', 200.00, 'D', '100');
INSERT INTO `indicador` VALUES (919, 202008, '9Q', 150.00, 'D', '100');
INSERT INTO `indicador` VALUES (920, 202008, '9W', 4775.00, 'D', '100');
INSERT INTO `indicador` VALUES (921, 202008, '9X', 2560.49, 'D', '100');
INSERT INTO `indicador` VALUES (922, 202008, '9Y', 1410.30, 'D', '100');
INSERT INTO `indicador` VALUES (923, 202008, '1F', 546124.75, 'P', '400');
INSERT INTO `indicador` VALUES (924, 202008, '1O', 9364.04, 'P', '400');
INSERT INTO `indicador` VALUES (925, 202008, '50', 132733.98, 'D', '400');
INSERT INTO `indicador` VALUES (926, 202008, '60', 2115.60, 'D', '400');
INSERT INTO `indicador` VALUES (927, 202008, '89', 3530.00, 'D', '400');
INSERT INTO `indicador` VALUES (928, 202008, '1O', 530532.00, 'P', '500');
INSERT INTO `indicador` VALUES (929, 202008, '50', 111272.12, 'D', '500');
INSERT INTO `indicador` VALUES (930, 202008, '60', 6434.11, 'D', '500');
INSERT INTO `indicador` VALUES (931, 202009, '01', 34480608.00, 'P', '100');
INSERT INTO `indicador` VALUES (932, 202009, '02', 52666.70, 'P', '100');
INSERT INTO `indicador` VALUES (933, 202009, '05', 4519635.50, 'P', '100');
INSERT INTO `indicador` VALUES (934, 202009, '07', 42479264.00, 'P', '100');
INSERT INTO `indicador` VALUES (935, 202009, '09', 1090389.88, 'P', '100');
INSERT INTO `indicador` VALUES (936, 202009, '10', 1128392.88, 'P', '100');
INSERT INTO `indicador` VALUES (937, 202009, '11', 60094.66, 'P', '100');
INSERT INTO `indicador` VALUES (938, 202009, '13', 785624.94, 'P', '100');
INSERT INTO `indicador` VALUES (939, 202009, '14', 3753.65, 'P', '100');
INSERT INTO `indicador` VALUES (940, 202009, '15', 1260906.62, 'P', '100');
INSERT INTO `indicador` VALUES (941, 202009, '16', 63662.88, 'P', '100');
INSERT INTO `indicador` VALUES (942, 202009, '17', 357304.91, 'P', '100');
INSERT INTO `indicador` VALUES (943, 202009, '18', 54734.47, 'P', '100');
INSERT INTO `indicador` VALUES (944, 202009, '19', 36675.50, 'P', '100');
INSERT INTO `indicador` VALUES (945, 202009, '1O', 156016.62, 'P', '100');
INSERT INTO `indicador` VALUES (946, 202009, '1R', 210478.36, 'P', '100');
INSERT INTO `indicador` VALUES (947, 202009, '1S', 47477.47, 'P', '100');
INSERT INTO `indicador` VALUES (948, 202009, '1T', 8271.66, 'P', '100');
INSERT INTO `indicador` VALUES (949, 202009, '1X', 19500.00, 'P', '100');
INSERT INTO `indicador` VALUES (950, 202009, '20', 2058.39, 'P', '100');
INSERT INTO `indicador` VALUES (951, 202009, '21', 1000.00, 'P', '100');
INSERT INTO `indicador` VALUES (952, 202009, '22', 56302.22, 'P', '100');
INSERT INTO `indicador` VALUES (953, 202009, '23', 175.00, 'P', '100');
INSERT INTO `indicador` VALUES (954, 202009, '24', 2973.00, 'P', '100');
INSERT INTO `indicador` VALUES (955, 202009, '27', 1474009.00, 'P', '100');
INSERT INTO `indicador` VALUES (956, 202009, '2B', 158889.02, 'P', '100');
INSERT INTO `indicador` VALUES (957, 202009, '2C', 87444.10, 'P', '100');
INSERT INTO `indicador` VALUES (958, 202009, '2I', 151275.59, 'P', '100');
INSERT INTO `indicador` VALUES (959, 202009, '2V', 4189170.50, 'P', '100');
INSERT INTO `indicador` VALUES (960, 202009, '2W', 1497295.75, 'P', '100');
INSERT INTO `indicador` VALUES (961, 202009, '2X', 150546.34, 'P', '100');
INSERT INTO `indicador` VALUES (962, 202009, '30', 8572984.00, 'P', '100');
INSERT INTO `indicador` VALUES (963, 202009, '31', 191246.08, 'P', '100');
INSERT INTO `indicador` VALUES (964, 202009, '32', 0.00, 'P', '100');
INSERT INTO `indicador` VALUES (965, 202009, '33', 14668.32, 'P', '100');
INSERT INTO `indicador` VALUES (966, 202009, '34', 24750.00, 'P', '100');
INSERT INTO `indicador` VALUES (967, 202009, '35', 127151.17, 'P', '100');
INSERT INTO `indicador` VALUES (968, 202009, '36', 154539.00, 'P', '100');
INSERT INTO `indicador` VALUES (969, 202009, '3A', 74917.08, 'P', '100');
INSERT INTO `indicador` VALUES (970, 202009, '3C', 7972747.00, 'P', '100');
INSERT INTO `indicador` VALUES (971, 202009, '3G', 47628.34, 'P', '100');
INSERT INTO `indicador` VALUES (972, 202009, '3Q', 184788.27, 'P', '100');
INSERT INTO `indicador` VALUES (973, 202009, '3S', 112997.89, 'P', '100');
INSERT INTO `indicador` VALUES (974, 202009, '3U', 823677.19, 'P', '100');
INSERT INTO `indicador` VALUES (975, 202009, '40', 521531.09, 'P', '100');
INSERT INTO `indicador` VALUES (976, 202009, '46', 517378.84, 'P', '100');
INSERT INTO `indicador` VALUES (977, 202009, '4B', 3000.00, 'P', '100');
INSERT INTO `indicador` VALUES (978, 202009, '50', 18152490.00, 'D', '100');
INSERT INTO `indicador` VALUES (979, 202009, '52', 398987.03, 'D', '100');
INSERT INTO `indicador` VALUES (980, 202009, '54', 5990.55, 'D', '100');
INSERT INTO `indicador` VALUES (981, 202009, '55', 1520.75, 'D', '100');
INSERT INTO `indicador` VALUES (982, 202009, '56', 213332.11, 'D', '100');
INSERT INTO `indicador` VALUES (983, 202009, '58', 15226.26, 'D', '100');
INSERT INTO `indicador` VALUES (984, 202009, '59', 590.17, 'D', '100');
INSERT INTO `indicador` VALUES (985, 202009, '60', 828722.38, 'D', '100');
INSERT INTO `indicador` VALUES (986, 202009, '61', 15054.53, 'D', '100');
INSERT INTO `indicador` VALUES (987, 202009, '62', 180100.00, 'D', '100');
INSERT INTO `indicador` VALUES (988, 202009, '63', 5975459.50, 'D', '100');
INSERT INTO `indicador` VALUES (989, 202009, '65', 454450.31, 'D', '100');
INSERT INTO `indicador` VALUES (990, 202009, '66', 200678.61, 'D', '100');
INSERT INTO `indicador` VALUES (991, 202009, '67', 474939.91, 'D', '100');
INSERT INTO `indicador` VALUES (992, 202009, '6C', 634120.94, 'D', '100');
INSERT INTO `indicador` VALUES (993, 202009, '6D', 112929.75, 'D', '100');
INSERT INTO `indicador` VALUES (994, 202009, '6F', 164661.23, 'D', '100');
INSERT INTO `indicador` VALUES (995, 202009, '6G', 178557.44, 'D', '100');
INSERT INTO `indicador` VALUES (996, 202009, '6L', 44872.56, 'D', '100');
INSERT INTO `indicador` VALUES (997, 202009, '6M', 4143.93, 'D', '100');
INSERT INTO `indicador` VALUES (998, 202009, '70', 7964.69, 'D', '100');
INSERT INTO `indicador` VALUES (999, 202009, '71', 30.00, 'D', '100');
INSERT INTO `indicador` VALUES (1000, 202009, '72', 25143.00, 'D', '100');
INSERT INTO `indicador` VALUES (1001, 202009, '78', 17136.43, 'D', '100');
INSERT INTO `indicador` VALUES (1002, 202009, '79', 2315.00, 'D', '100');
INSERT INTO `indicador` VALUES (1003, 202009, '7E', 238939.48, 'D', '100');
INSERT INTO `indicador` VALUES (1004, 202009, '7G', 2274.52, 'D', '100');
INSERT INTO `indicador` VALUES (1005, 202009, '7H', 5166.34, 'D', '100');
INSERT INTO `indicador` VALUES (1006, 202009, '7I', 3033.72, 'D', '100');
INSERT INTO `indicador` VALUES (1007, 202009, '7L', 492.00, 'D', '100');
INSERT INTO `indicador` VALUES (1008, 202009, '7M', 58710.61, 'D', '100');
INSERT INTO `indicador` VALUES (1009, 202009, '7T', 4281.60, 'D', '100');
INSERT INTO `indicador` VALUES (1010, 202009, '7U', 7447.54, 'D', '100');
INSERT INTO `indicador` VALUES (1011, 202009, '7V', 8086.66, 'D', '100');
INSERT INTO `indicador` VALUES (1012, 202009, '7X', 460.00, 'D', '100');
INSERT INTO `indicador` VALUES (1013, 202009, '7Y', 9691.28, 'D', '100');
INSERT INTO `indicador` VALUES (1014, 202009, '7Z', 17305.51, 'D', '100');
INSERT INTO `indicador` VALUES (1015, 202009, '81', 13054.01, 'D', '100');
INSERT INTO `indicador` VALUES (1016, 202009, '89', 138879.61, 'D', '100');
INSERT INTO `indicador` VALUES (1017, 202009, '8A', 2996.67, 'D', '100');
INSERT INTO `indicador` VALUES (1018, 202009, '8F', 5076.75, 'D', '100');
INSERT INTO `indicador` VALUES (1019, 202009, '8J', 42853.91, 'D', '100');
INSERT INTO `indicador` VALUES (1020, 202009, '8L', 62288.29, 'D', '100');
INSERT INTO `indicador` VALUES (1021, 202009, '8P', 23908.07, 'D', '100');
INSERT INTO `indicador` VALUES (1022, 202009, '8R', 72151.35, 'D', '100');
INSERT INTO `indicador` VALUES (1023, 202009, '8T', 8915.69, 'D', '100');
INSERT INTO `indicador` VALUES (1024, 202009, '8X', 63.50, 'D', '100');
INSERT INTO `indicador` VALUES (1025, 202009, '8Y', 8032.35, 'D', '100');
INSERT INTO `indicador` VALUES (1026, 202009, '8Z', 951.52, 'D', '100');
INSERT INTO `indicador` VALUES (1027, 202009, '90', 750.00, 'D', '100');
INSERT INTO `indicador` VALUES (1028, 202009, '92', 1759.38, 'D', '100');
INSERT INTO `indicador` VALUES (1029, 202009, '99', 235503.50, 'D', '100');
INSERT INTO `indicador` VALUES (1030, 202009, '9A', 200676.34, 'D', '100');
INSERT INTO `indicador` VALUES (1031, 202009, '9B', 7836.88, 'D', '100');
INSERT INTO `indicador` VALUES (1032, 202009, '9C', 491948.44, 'D', '100');
INSERT INTO `indicador` VALUES (1033, 202009, '9J', 46270.06, 'D', '100');
INSERT INTO `indicador` VALUES (1034, 202009, '9K', 200.00, 'D', '100');
INSERT INTO `indicador` VALUES (1035, 202009, '9Q', 150.00, 'D', '100');
INSERT INTO `indicador` VALUES (1036, 202009, '9W', 4775.00, 'D', '100');
INSERT INTO `indicador` VALUES (1037, 202009, '9X', 2560.49, 'D', '100');
INSERT INTO `indicador` VALUES (1038, 202009, '9Y', 1410.30, 'D', '100');
INSERT INTO `indicador` VALUES (1039, 202009, '1F', 546124.75, 'P', '400');
INSERT INTO `indicador` VALUES (1040, 202009, '1O', 9364.04, 'P', '400');
INSERT INTO `indicador` VALUES (1041, 202009, '50', 132639.44, 'D', '400');
INSERT INTO `indicador` VALUES (1042, 202009, '60', 2115.60, 'D', '400');
INSERT INTO `indicador` VALUES (1043, 202009, '89', 3530.00, 'D', '400');
INSERT INTO `indicador` VALUES (1044, 202009, '07', 143439.81, 'P', '500');
INSERT INTO `indicador` VALUES (1045, 202009, '1O', 614902.31, 'P', '500');
INSERT INTO `indicador` VALUES (1046, 202009, '50', 151102.50, 'D', '500');
INSERT INTO `indicador` VALUES (1047, 202009, '60', 9737.24, 'D', '500');
INSERT INTO `indicador` VALUES (1048, 202010, '01', 34785196.00, 'P', '100');
INSERT INTO `indicador` VALUES (1049, 202010, '02', 52666.70, 'P', '100');
INSERT INTO `indicador` VALUES (1050, 202010, '03', 24977.10, 'P', '100');
INSERT INTO `indicador` VALUES (1051, 202010, '05', 4554494.00, 'P', '100');
INSERT INTO `indicador` VALUES (1052, 202010, '09', 1105033.62, 'P', '100');
INSERT INTO `indicador` VALUES (1053, 202010, '10', 1139018.12, 'P', '100');
INSERT INTO `indicador` VALUES (1054, 202010, '11', 60186.53, 'P', '100');
INSERT INTO `indicador` VALUES (1055, 202010, '13', 790556.56, 'P', '100');
INSERT INTO `indicador` VALUES (1056, 202010, '14', 3835.55, 'P', '100');
INSERT INTO `indicador` VALUES (1057, 202010, '15', 1290537.75, 'P', '100');
INSERT INTO `indicador` VALUES (1058, 202010, '16', 63662.88, 'P', '100');
INSERT INTO `indicador` VALUES (1059, 202010, '17', 360857.91, 'P', '100');
INSERT INTO `indicador` VALUES (1060, 202010, '18', 55546.57, 'P', '100');
INSERT INTO `indicador` VALUES (1061, 202010, '19', 36771.00, 'P', '100');
INSERT INTO `indicador` VALUES (1062, 202010, '1O', 151830.88, 'P', '100');
INSERT INTO `indicador` VALUES (1063, 202010, '1R', 210478.36, 'P', '100');
INSERT INTO `indicador` VALUES (1064, 202010, '1S', 47477.47, 'P', '100');
INSERT INTO `indicador` VALUES (1065, 202010, '1T', 8271.66, 'P', '100');
INSERT INTO `indicador` VALUES (1066, 202010, '1X', 19500.00, 'P', '100');
INSERT INTO `indicador` VALUES (1067, 202010, '20', 2017.93, 'P', '100');
INSERT INTO `indicador` VALUES (1068, 202010, '21', 1000.00, 'P', '100');
INSERT INTO `indicador` VALUES (1069, 202010, '22', 56126.18, 'P', '100');
INSERT INTO `indicador` VALUES (1070, 202010, '23', 175.00, 'P', '100');
INSERT INTO `indicador` VALUES (1071, 202010, '27', 1494255.75, 'P', '100');
INSERT INTO `indicador` VALUES (1072, 202010, '2I', 151275.59, 'P', '100');
INSERT INTO `indicador` VALUES (1073, 202010, '2X', 150613.58, 'P', '100');
INSERT INTO `indicador` VALUES (1074, 202010, '30', 8686807.00, 'P', '100');
INSERT INTO `indicador` VALUES (1075, 202010, '31', 191602.58, 'P', '100');
INSERT INTO `indicador` VALUES (1076, 202010, '32', 0.00, 'P', '100');
INSERT INTO `indicador` VALUES (1077, 202010, '33', 14668.32, 'P', '100');
INSERT INTO `indicador` VALUES (1078, 202010, '34', 24375.00, 'P', '100');
INSERT INTO `indicador` VALUES (1079, 202010, '35', 127261.81, 'P', '100');
INSERT INTO `indicador` VALUES (1080, 202010, '36', 153557.80, 'P', '100');
INSERT INTO `indicador` VALUES (1081, 202010, '3A', 71349.60, 'P', '100');
INSERT INTO `indicador` VALUES (1082, 202010, '3G', 5443176.00, 'P', '100');
INSERT INTO `indicador` VALUES (1083, 202010, '3Q', 184788.27, 'P', '100');
INSERT INTO `indicador` VALUES (1084, 202010, '3S', 115315.89, 'P', '100');
INSERT INTO `indicador` VALUES (1085, 202010, '3U', 832791.38, 'P', '100');
INSERT INTO `indicador` VALUES (1086, 202010, '40', 522551.88, 'P', '100');
INSERT INTO `indicador` VALUES (1087, 202010, '46', 518338.41, 'P', '100');
INSERT INTO `indicador` VALUES (1088, 202010, '4A', 3265121.50, 'P', '100');
INSERT INTO `indicador` VALUES (1089, 202010, '4B', 3000.00, 'P', '100');
INSERT INTO `indicador` VALUES (1090, 202010, '50', 8697368.00, 'D', '100');
INSERT INTO `indicador` VALUES (1091, 202010, '52', 403119.62, 'D', '100');
INSERT INTO `indicador` VALUES (1092, 202010, '54', 12079.23, 'D', '100');
INSERT INTO `indicador` VALUES (1093, 202010, '56', 207244.91, 'D', '100');
INSERT INTO `indicador` VALUES (1094, 202010, '58', 865.84, 'D', '100');
INSERT INTO `indicador` VALUES (1095, 202010, '59', 590.17, 'D', '100');
INSERT INTO `indicador` VALUES (1096, 202010, '60', 1260063.62, 'D', '100');
INSERT INTO `indicador` VALUES (1097, 202010, '61', 15054.53, 'D', '100');
INSERT INTO `indicador` VALUES (1098, 202010, '62', 183700.00, 'D', '100');
INSERT INTO `indicador` VALUES (1099, 202010, '63', 6032445.50, 'D', '100');
INSERT INTO `indicador` VALUES (1100, 202010, '65', 451212.38, 'D', '100');
INSERT INTO `indicador` VALUES (1101, 202010, '66', 209523.88, 'D', '100');
INSERT INTO `indicador` VALUES (1102, 202010, '67', 483943.50, 'D', '100');
INSERT INTO `indicador` VALUES (1103, 202010, '6C', 602335.12, 'D', '100');
INSERT INTO `indicador` VALUES (1104, 202010, '6D', 112895.09, 'D', '100');
INSERT INTO `indicador` VALUES (1105, 202010, '6F', 164661.23, 'D', '100');
INSERT INTO `indicador` VALUES (1106, 202010, '6G', 178557.44, 'D', '100');
INSERT INTO `indicador` VALUES (1107, 202010, '6L', 123732.96, 'D', '100');
INSERT INTO `indicador` VALUES (1108, 202010, '6M', 4143.93, 'D', '100');
INSERT INTO `indicador` VALUES (1109, 202010, '70', 7964.69, 'D', '100');
INSERT INTO `indicador` VALUES (1110, 202010, '71', 30.00, 'D', '100');
INSERT INTO `indicador` VALUES (1111, 202010, '72', 26058.00, 'D', '100');
INSERT INTO `indicador` VALUES (1112, 202010, '78', 13869.81, 'D', '100');
INSERT INTO `indicador` VALUES (1113, 202010, '79', 2315.00, 'D', '100');
INSERT INTO `indicador` VALUES (1114, 202010, '7E', 238433.78, 'D', '100');
INSERT INTO `indicador` VALUES (1115, 202010, '7G', 1021.33, 'D', '100');
INSERT INTO `indicador` VALUES (1116, 202010, '7H', 4357.36, 'D', '100');
INSERT INTO `indicador` VALUES (1117, 202010, '7I', 3033.72, 'D', '100');
INSERT INTO `indicador` VALUES (1118, 202010, '7L', 492.00, 'D', '100');
INSERT INTO `indicador` VALUES (1119, 202010, '7M', 52011.31, 'D', '100');
INSERT INTO `indicador` VALUES (1120, 202010, '7T', 4281.60, 'D', '100');
INSERT INTO `indicador` VALUES (1121, 202010, '7U', 6406.56, 'D', '100');
INSERT INTO `indicador` VALUES (1122, 202010, '7V', 4372.74, 'D', '100');
INSERT INTO `indicador` VALUES (1123, 202010, '7X', 460.00, 'D', '100');
INSERT INTO `indicador` VALUES (1124, 202010, '7Y', 9219.41, 'D', '100');
INSERT INTO `indicador` VALUES (1125, 202010, '7Z', 8961.04, 'D', '100');
INSERT INTO `indicador` VALUES (1126, 202010, '81', 13054.01, 'D', '100');
INSERT INTO `indicador` VALUES (1127, 202010, '89', 138439.61, 'D', '100');
INSERT INTO `indicador` VALUES (1128, 202010, '8A', 2996.67, 'D', '100');
INSERT INTO `indicador` VALUES (1129, 202010, '8F', 5076.75, 'D', '100');
INSERT INTO `indicador` VALUES (1130, 202010, '8J', 41977.44, 'D', '100');
INSERT INTO `indicador` VALUES (1131, 202010, '8L', 62555.18, 'D', '100');
INSERT INTO `indicador` VALUES (1132, 202010, '8P', 23908.07, 'D', '100');
INSERT INTO `indicador` VALUES (1133, 202010, '8R', 73795.42, 'D', '100');
INSERT INTO `indicador` VALUES (1134, 202010, '8T', 8915.69, 'D', '100');
INSERT INTO `indicador` VALUES (1135, 202010, '8X', 63.50, 'D', '100');
INSERT INTO `indicador` VALUES (1136, 202010, '8Y', 8032.35, 'D', '100');
INSERT INTO `indicador` VALUES (1137, 202010, '8Z', 951.52, 'D', '100');
INSERT INTO `indicador` VALUES (1138, 202010, '90', 750.00, 'D', '100');
INSERT INTO `indicador` VALUES (1139, 202010, '92', 1759.38, 'D', '100');
INSERT INTO `indicador` VALUES (1140, 202010, '99', 235293.50, 'D', '100');
INSERT INTO `indicador` VALUES (1141, 202010, '9A', 200676.34, 'D', '100');
INSERT INTO `indicador` VALUES (1142, 202010, '9B', 7836.88, 'D', '100');
INSERT INTO `indicador` VALUES (1143, 202010, '9C', 493986.94, 'D', '100');
INSERT INTO `indicador` VALUES (1144, 202010, '9J', 44420.07, 'D', '100');
INSERT INTO `indicador` VALUES (1145, 202010, '9K', 200.00, 'D', '100');
INSERT INTO `indicador` VALUES (1146, 202010, '9Q', 150.00, 'D', '100');
INSERT INTO `indicador` VALUES (1147, 202010, '9W', 4775.00, 'D', '100');
INSERT INTO `indicador` VALUES (1148, 202010, '9X', 2560.49, 'D', '100');
INSERT INTO `indicador` VALUES (1149, 202010, '9Y', 884.42, 'D', '100');
INSERT INTO `indicador` VALUES (1150, 202010, '1F', 542477.31, 'P', '400');
INSERT INTO `indicador` VALUES (1151, 202010, '1O', 9364.04, 'P', '400');
INSERT INTO `indicador` VALUES (1152, 202010, '50', 131950.31, 'D', '400');
INSERT INTO `indicador` VALUES (1153, 202010, '60', 2115.60, 'D', '400');
INSERT INTO `indicador` VALUES (1154, 202010, '89', 3530.00, 'D', '400');
INSERT INTO `indicador` VALUES (1155, 202010, '1O', 536411.88, 'P', '500');
INSERT INTO `indicador` VALUES (1156, 202010, '50', 112689.38, 'D', '500');
INSERT INTO `indicador` VALUES (1157, 202010, '60', 7039.24, 'D', '500');
INSERT INTO `indicador` VALUES (1158, 202011, '01', 49833292.00, 'P', '100');
INSERT INTO `indicador` VALUES (1159, 202011, '02', 52666.70, 'P', '100');
INSERT INTO `indicador` VALUES (1160, 202011, '04', 120370.99, 'P', '100');
INSERT INTO `indicador` VALUES (1161, 202011, '05', 4525588.50, 'P', '100');
INSERT INTO `indicador` VALUES (1162, 202011, '07', 1299516.62, 'P', '100');
INSERT INTO `indicador` VALUES (1163, 202011, '09', 1094000.12, 'P', '100');
INSERT INTO `indicador` VALUES (1164, 202011, '10', 2177715.00, 'P', '100');
INSERT INTO `indicador` VALUES (1165, 202011, '11', 60186.53, 'P', '100');
INSERT INTO `indicador` VALUES (1166, 202011, '13', 1866244.62, 'P', '100');
INSERT INTO `indicador` VALUES (1167, 202011, '14', 3769.25, 'P', '100');
INSERT INTO `indicador` VALUES (1168, 202011, '15', 1645284.88, 'P', '100');
INSERT INTO `indicador` VALUES (1169, 202011, '16', 63662.88, 'P', '100');
INSERT INTO `indicador` VALUES (1170, 202011, '17', 396935.50, 'P', '100');
INSERT INTO `indicador` VALUES (1171, 202011, '18', 54926.62, 'P', '100');
INSERT INTO `indicador` VALUES (1172, 202011, '19', 36689.00, 'P', '100');
INSERT INTO `indicador` VALUES (1173, 202011, '1O', 151830.88, 'P', '100');
INSERT INTO `indicador` VALUES (1174, 202011, '1R', 289198.53, 'P', '100');
INSERT INTO `indicador` VALUES (1175, 202011, '1S', 65859.24, 'P', '100');
INSERT INTO `indicador` VALUES (1176, 202011, '1T', 8271.66, 'P', '100');
INSERT INTO `indicador` VALUES (1177, 202011, '1X', 19500.00, 'P', '100');
INSERT INTO `indicador` VALUES (1178, 202011, '20', 2017.93, 'P', '100');
INSERT INTO `indicador` VALUES (1179, 202011, '21', 1000.00, 'P', '100');
INSERT INTO `indicador` VALUES (1180, 202011, '22', 69414.67, 'P', '100');
INSERT INTO `indicador` VALUES (1181, 202011, '23', 175.00, 'P', '100');
INSERT INTO `indicador` VALUES (1182, 202011, '27', 1478968.25, 'P', '100');
INSERT INTO `indicador` VALUES (1183, 202011, '2I', 151275.59, 'P', '100');
INSERT INTO `indicador` VALUES (1184, 202011, '2V', 767664.31, 'P', '100');
INSERT INTO `indicador` VALUES (1185, 202011, '2X', 205373.16, 'P', '100');
INSERT INTO `indicador` VALUES (1186, 202011, '30', 11804276.00, 'P', '100');
INSERT INTO `indicador` VALUES (1187, 202011, '31', 262164.19, 'P', '100');
INSERT INTO `indicador` VALUES (1188, 202011, '32', 0.00, 'P', '100');
INSERT INTO `indicador` VALUES (1189, 202011, '33', 14668.32, 'P', '100');
INSERT INTO `indicador` VALUES (1190, 202011, '34', 24375.00, 'P', '100');
INSERT INTO `indicador` VALUES (1191, 202011, '35', 127261.81, 'P', '100');
INSERT INTO `indicador` VALUES (1192, 202011, '36', 199771.20, 'P', '100');
INSERT INTO `indicador` VALUES (1193, 202011, '3A', 71349.60, 'P', '100');
INSERT INTO `indicador` VALUES (1194, 202011, '3F', 1949.70, 'P', '100');
INSERT INTO `indicador` VALUES (1195, 202011, '3G', 227599.92, 'P', '100');
INSERT INTO `indicador` VALUES (1196, 202011, '3Q', 184788.27, 'P', '100');
INSERT INTO `indicador` VALUES (1197, 202011, '3S', 113528.39, 'P', '100');
INSERT INTO `indicador` VALUES (1198, 202011, '3U', 825007.56, 'P', '100');
INSERT INTO `indicador` VALUES (1199, 202011, '40', 715013.00, 'P', '100');
INSERT INTO `indicador` VALUES (1200, 202011, '46', 708447.44, 'P', '100');
INSERT INTO `indicador` VALUES (1201, 202011, '4A', 110647.45, 'P', '100');
INSERT INTO `indicador` VALUES (1202, 202011, '4B', 3000.00, 'P', '100');
INSERT INTO `indicador` VALUES (1203, 202011, '50', 12494904.00, 'D', '100');
INSERT INTO `indicador` VALUES (1204, 202011, '52', 569393.56, 'D', '100');
INSERT INTO `indicador` VALUES (1205, 202011, '54', 8543.15, 'D', '100');
INSERT INTO `indicador` VALUES (1206, 202011, '56', 205674.02, 'D', '100');
INSERT INTO `indicador` VALUES (1207, 202011, '58', 2155.51, 'D', '100');
INSERT INTO `indicador` VALUES (1208, 202011, '59', 590.17, 'D', '100');
INSERT INTO `indicador` VALUES (1209, 202011, '60', 635334.94, 'D', '100');
INSERT INTO `indicador` VALUES (1210, 202011, '61', 14024.58, 'D', '100');
INSERT INTO `indicador` VALUES (1211, 202011, '62', 180100.00, 'D', '100');
INSERT INTO `indicador` VALUES (1212, 202011, '63', 8458604.00, 'D', '100');
INSERT INTO `indicador` VALUES (1213, 202011, '65', 450504.28, 'D', '100');
INSERT INTO `indicador` VALUES (1214, 202011, '66', 221243.88, 'D', '100');
INSERT INTO `indicador` VALUES (1215, 202011, '67', 475390.09, 'D', '100');
INSERT INTO `indicador` VALUES (1216, 202011, '6C', 580735.19, 'D', '100');
INSERT INTO `indicador` VALUES (1217, 202011, '6D', 112895.09, 'D', '100');
INSERT INTO `indicador` VALUES (1218, 202011, '6F', 164661.23, 'D', '100');
INSERT INTO `indicador` VALUES (1219, 202011, '6G', 178557.44, 'D', '100');
INSERT INTO `indicador` VALUES (1220, 202011, '6L', 134662.69, 'D', '100');
INSERT INTO `indicador` VALUES (1221, 202011, '6M', 4643.93, 'D', '100');
INSERT INTO `indicador` VALUES (1222, 202011, '70', 7964.69, 'D', '100');
INSERT INTO `indicador` VALUES (1223, 202011, '71', 30.00, 'D', '100');
INSERT INTO `indicador` VALUES (1224, 202011, '72', 26058.00, 'D', '100');
INSERT INTO `indicador` VALUES (1225, 202011, '78', 13869.81, 'D', '100');
INSERT INTO `indicador` VALUES (1226, 202011, '79', 2315.00, 'D', '100');
INSERT INTO `indicador` VALUES (1227, 202011, '7E', 236630.06, 'D', '100');
INSERT INTO `indicador` VALUES (1228, 202011, '7G', 493.89, 'D', '100');
INSERT INTO `indicador` VALUES (1229, 202011, '7H', 3229.02, 'D', '100');
INSERT INTO `indicador` VALUES (1230, 202011, '7I', 3033.72, 'D', '100');
INSERT INTO `indicador` VALUES (1231, 202011, '7L', 492.00, 'D', '100');
INSERT INTO `indicador` VALUES (1232, 202011, '7M', 52011.31, 'D', '100');
INSERT INTO `indicador` VALUES (1233, 202011, '7T', 4281.60, 'D', '100');
INSERT INTO `indicador` VALUES (1234, 202011, '7U', 6406.56, 'D', '100');
INSERT INTO `indicador` VALUES (1235, 202011, '7V', 4372.74, 'D', '100');
INSERT INTO `indicador` VALUES (1236, 202011, '7X', 460.00, 'D', '100');
INSERT INTO `indicador` VALUES (1237, 202011, '7Y', 9219.41, 'D', '100');
INSERT INTO `indicador` VALUES (1238, 202011, '7Z', 3863.77, 'D', '100');
INSERT INTO `indicador` VALUES (1239, 202011, '81', 13054.01, 'D', '100');
INSERT INTO `indicador` VALUES (1240, 202011, '89', 131059.61, 'D', '100');
INSERT INTO `indicador` VALUES (1241, 202011, '8A', 2852.71, 'D', '100');
INSERT INTO `indicador` VALUES (1242, 202011, '8F', 3353.44, 'D', '100');
INSERT INTO `indicador` VALUES (1243, 202011, '8J', 41199.02, 'D', '100');
INSERT INTO `indicador` VALUES (1244, 202011, '8L', 61267.52, 'D', '100');
INSERT INTO `indicador` VALUES (1245, 202011, '8P', 23908.07, 'D', '100');
INSERT INTO `indicador` VALUES (1246, 202011, '8R', 73292.55, 'D', '100');
INSERT INTO `indicador` VALUES (1247, 202011, '8T', 8608.52, 'D', '100');
INSERT INTO `indicador` VALUES (1248, 202011, '8X', 63.50, 'D', '100');
INSERT INTO `indicador` VALUES (1249, 202011, '8Y', 8032.35, 'D', '100');
INSERT INTO `indicador` VALUES (1250, 202011, '8Z', 851.52, 'D', '100');
INSERT INTO `indicador` VALUES (1251, 202011, '90', 750.00, 'D', '100');
INSERT INTO `indicador` VALUES (1252, 202011, '92', 1759.38, 'D', '100');
INSERT INTO `indicador` VALUES (1253, 202011, '99', 235293.50, 'D', '100');
INSERT INTO `indicador` VALUES (1254, 202011, '9A', 200929.77, 'D', '100');
INSERT INTO `indicador` VALUES (1255, 202011, '9B', 7836.88, 'D', '100');
INSERT INTO `indicador` VALUES (1256, 202011, '9C', 493986.94, 'D', '100');
INSERT INTO `indicador` VALUES (1257, 202011, '9J', 43770.08, 'D', '100');
INSERT INTO `indicador` VALUES (1258, 202011, '9K', 200.00, 'D', '100');
INSERT INTO `indicador` VALUES (1259, 202011, '9Q', 150.00, 'D', '100');
INSERT INTO `indicador` VALUES (1260, 202011, '9W', 4775.00, 'D', '100');
INSERT INTO `indicador` VALUES (1261, 202011, '9X', 2560.49, 'D', '100');
INSERT INTO `indicador` VALUES (1262, 202011, '9Y', 884.42, 'D', '100');
INSERT INTO `indicador` VALUES (1263, 202011, '1F', 542477.31, 'P', '400');
INSERT INTO `indicador` VALUES (1264, 202011, '1O', 9364.04, 'P', '400');
INSERT INTO `indicador` VALUES (1265, 202011, '50', 131951.84, 'D', '400');
INSERT INTO `indicador` VALUES (1266, 202011, '60', 2115.60, 'D', '400');
INSERT INTO `indicador` VALUES (1267, 202011, '89', 3530.00, 'D', '400');
INSERT INTO `indicador` VALUES (1268, 202011, '03', 14669.75, 'P', '500');
INSERT INTO `indicador` VALUES (1269, 202011, '1O', 536411.88, 'P', '500');
INSERT INTO `indicador` VALUES (1270, 202011, '50', 115835.83, 'D', '500');
INSERT INTO `indicador` VALUES (1271, 202011, '60', 7039.24, 'D', '500');
INSERT INTO `indicador` VALUES (1272, 202012, '01', 35758952.00, 'P', '100');
INSERT INTO `indicador` VALUES (1273, 202012, '02', 52666.70, 'P', '100');
INSERT INTO `indicador` VALUES (1274, 202012, '03', 18021.69, 'P', '100');
INSERT INTO `indicador` VALUES (1275, 202012, '05', 4687495.00, 'P', '100');
INSERT INTO `indicador` VALUES (1276, 202012, '09', 1119755.75, 'P', '100');
INSERT INTO `indicador` VALUES (1277, 202012, '10', 1250947.75, 'P', '100');
INSERT INTO `indicador` VALUES (1278, 202012, '11', 60229.37, 'P', '100');
INSERT INTO `indicador` VALUES (1279, 202012, '13', 898229.75, 'P', '100');
INSERT INTO `indicador` VALUES (1280, 202012, '14', 3872.60, 'P', '100');
INSERT INTO `indicador` VALUES (1281, 202012, '15', 1327647.25, 'P', '100');
INSERT INTO `indicador` VALUES (1282, 202012, '16', 64193.07, 'P', '100');
INSERT INTO `indicador` VALUES (1283, 202012, '17', 367987.25, 'P', '100');
INSERT INTO `indicador` VALUES (1284, 202012, '18', 56418.02, 'P', '100');
INSERT INTO `indicador` VALUES (1285, 202012, '19', 36701.81, 'P', '100');
INSERT INTO `indicador` VALUES (1286, 202012, '1O', 151830.88, 'P', '100');
INSERT INTO `indicador` VALUES (1287, 202012, '1R', 217634.73, 'P', '100');
INSERT INTO `indicador` VALUES (1288, 202012, '1S', 49148.54, 'P', '100');
INSERT INTO `indicador` VALUES (1289, 202012, '1T', 8271.66, 'P', '100');
INSERT INTO `indicador` VALUES (1290, 202012, '1X', 19500.00, 'P', '100');
INSERT INTO `indicador` VALUES (1291, 202012, '20', 2017.93, 'P', '100');
INSERT INTO `indicador` VALUES (1292, 202012, '21', 1000.00, 'P', '100');
INSERT INTO `indicador` VALUES (1293, 202012, '22', 57571.46, 'P', '100');
INSERT INTO `indicador` VALUES (1294, 202012, '23', 175.00, 'P', '100');
INSERT INTO `indicador` VALUES (1295, 202012, '27', 1514924.00, 'P', '100');
INSERT INTO `indicador` VALUES (1296, 202012, '29', 6291.14, 'P', '100');
INSERT INTO `indicador` VALUES (1297, 202012, '2D', 5242.62, 'P', '100');
INSERT INTO `indicador` VALUES (1298, 202012, '2I', 151275.59, 'P', '100');
INSERT INTO `indicador` VALUES (1299, 202012, '2N', 3495.08, 'P', '100');
INSERT INTO `indicador` VALUES (1300, 202012, '2O', 2097.05, 'P', '100');
INSERT INTO `indicador` VALUES (1301, 202012, '2X', 155554.73, 'P', '100');
INSERT INTO `indicador` VALUES (1302, 202012, '30', 9107383.00, 'P', '100');
INSERT INTO `indicador` VALUES (1303, 202012, '31', 197836.84, 'P', '100');
INSERT INTO `indicador` VALUES (1304, 202012, '32', 0.00, 'P', '100');
INSERT INTO `indicador` VALUES (1305, 202012, '33', 14668.32, 'P', '100');
INSERT INTO `indicador` VALUES (1306, 202012, '34', 24375.00, 'P', '100');
INSERT INTO `indicador` VALUES (1307, 202012, '35', 127151.17, 'P', '100');
INSERT INTO `indicador` VALUES (1308, 202012, '36', 158271.36, 'P', '100');
INSERT INTO `indicador` VALUES (1309, 202012, '3A', 71349.60, 'P', '100');
INSERT INTO `indicador` VALUES (1310, 202012, '3F', 850.90, 'P', '100');
INSERT INTO `indicador` VALUES (1311, 202012, '3Q', 184647.27, 'P', '100');
INSERT INTO `indicador` VALUES (1312, 202012, '3S', 117677.39, 'P', '100');
INSERT INTO `indicador` VALUES (1313, 202012, '3U', 842073.06, 'P', '100');
INSERT INTO `indicador` VALUES (1314, 202012, '40', 539505.06, 'P', '100');
INSERT INTO `indicador` VALUES (1315, 202012, '44', 22778056.00, 'P', '100');
INSERT INTO `indicador` VALUES (1316, 202012, '46', 534978.56, 'P', '100');
INSERT INTO `indicador` VALUES (1317, 202012, '4B', 3000.00, 'P', '100');
INSERT INTO `indicador` VALUES (1318, 202012, '50', 13177092.00, 'D', '100');
INSERT INTO `indicador` VALUES (1319, 202012, '52', 420814.62, 'D', '100');
INSERT INTO `indicador` VALUES (1320, 202012, '54', 8877.00, 'D', '100');
INSERT INTO `indicador` VALUES (1321, 202012, '56', 203219.52, 'D', '100');
INSERT INTO `indicador` VALUES (1322, 202012, '58', 3289.09, 'D', '100');
INSERT INTO `indicador` VALUES (1323, 202012, '59', 590.17, 'D', '100');
INSERT INTO `indicador` VALUES (1324, 202012, '60', 647545.56, 'D', '100');
INSERT INTO `indicador` VALUES (1325, 202012, '61', 16128.11, 'D', '100');
INSERT INTO `indicador` VALUES (1326, 202012, '62', 178500.00, 'D', '100');
INSERT INTO `indicador` VALUES (1327, 202012, '63', 6298474.00, 'D', '100');
INSERT INTO `indicador` VALUES (1328, 202012, '65', 437599.97, 'D', '100');
INSERT INTO `indicador` VALUES (1329, 202012, '66', 205802.48, 'D', '100');
INSERT INTO `indicador` VALUES (1330, 202012, '6C', 562445.06, 'D', '100');
INSERT INTO `indicador` VALUES (1331, 202012, '6D', 116731.56, 'D', '100');
INSERT INTO `indicador` VALUES (1332, 202012, '6F', 163853.48, 'D', '100');
INSERT INTO `indicador` VALUES (1333, 202012, '6G', 178557.44, 'D', '100');
INSERT INTO `indicador` VALUES (1334, 202012, '6L', 144172.97, 'D', '100');
INSERT INTO `indicador` VALUES (1335, 202012, '6M', 4795.69, 'D', '100');
INSERT INTO `indicador` VALUES (1336, 202012, '70', 7964.69, 'D', '100');
INSERT INTO `indicador` VALUES (1337, 202012, '71', 30.00, 'D', '100');
INSERT INTO `indicador` VALUES (1338, 202012, '72', 17041.00, 'D', '100');
INSERT INTO `indicador` VALUES (1339, 202012, '78', 13869.81, 'D', '100');
INSERT INTO `indicador` VALUES (1340, 202012, '79', 2315.00, 'D', '100');
INSERT INTO `indicador` VALUES (1341, 202012, '7E', 232950.19, 'D', '100');
INSERT INTO `indicador` VALUES (1342, 202012, '7G', 1260.92, 'D', '100');
INSERT INTO `indicador` VALUES (1343, 202012, '7H', 3179.02, 'D', '100');
INSERT INTO `indicador` VALUES (1344, 202012, '7I', 3033.72, 'D', '100');
INSERT INTO `indicador` VALUES (1345, 202012, '7L', 492.00, 'D', '100');
INSERT INTO `indicador` VALUES (1346, 202012, '7M', 49567.20, 'D', '100');
INSERT INTO `indicador` VALUES (1347, 202012, '7T', 4281.60, 'D', '100');
INSERT INTO `indicador` VALUES (1348, 202012, '7U', 6220.54, 'D', '100');
INSERT INTO `indicador` VALUES (1349, 202012, '7V', 8240.33, 'D', '100');
INSERT INTO `indicador` VALUES (1350, 202012, '7X', 460.00, 'D', '100');
INSERT INTO `indicador` VALUES (1351, 202012, '7Y', 9219.41, 'D', '100');
INSERT INTO `indicador` VALUES (1352, 202012, '81', 13054.01, 'D', '100');
INSERT INTO `indicador` VALUES (1353, 202012, '89', 129642.61, 'D', '100');
INSERT INTO `indicador` VALUES (1354, 202012, '8A', 2852.71, 'D', '100');
INSERT INTO `indicador` VALUES (1355, 202012, '8F', 2508.30, 'D', '100');
INSERT INTO `indicador` VALUES (1356, 202012, '8J', 40848.43, 'D', '100');
INSERT INTO `indicador` VALUES (1357, 202012, '8L', 57641.83, 'D', '100');
INSERT INTO `indicador` VALUES (1358, 202012, '8P', 22384.53, 'D', '100');
INSERT INTO `indicador` VALUES (1359, 202012, '8R', 72429.38, 'D', '100');
INSERT INTO `indicador` VALUES (1360, 202012, '8T', 7863.13, 'D', '100');
INSERT INTO `indicador` VALUES (1361, 202012, '8X', 63.50, 'D', '100');
INSERT INTO `indicador` VALUES (1362, 202012, '8Y', 6493.99, 'D', '100');
INSERT INTO `indicador` VALUES (1363, 202012, '8Z', 851.52, 'D', '100');
INSERT INTO `indicador` VALUES (1364, 202012, '90', 750.00, 'D', '100');
INSERT INTO `indicador` VALUES (1365, 202012, '92', 1759.38, 'D', '100');
INSERT INTO `indicador` VALUES (1366, 202012, '99', 235285.00, 'D', '100');
INSERT INTO `indicador` VALUES (1367, 202012, '9A', 200177.77, 'D', '100');
INSERT INTO `indicador` VALUES (1368, 202012, '9B', 7836.88, 'D', '100');
INSERT INTO `indicador` VALUES (1369, 202012, '9C', 493761.94, 'D', '100');
INSERT INTO `indicador` VALUES (1370, 202012, '9J', 44970.08, 'D', '100');
INSERT INTO `indicador` VALUES (1371, 202012, '9K', 200.00, 'D', '100');
INSERT INTO `indicador` VALUES (1372, 202012, '9Q', 150.00, 'D', '100');
INSERT INTO `indicador` VALUES (1373, 202012, '9W', 4775.00, 'D', '100');
INSERT INTO `indicador` VALUES (1374, 202012, '9X', 2560.49, 'D', '100');
INSERT INTO `indicador` VALUES (1375, 202012, '9Y', 884.42, 'D', '100');
INSERT INTO `indicador` VALUES (1376, 202012, '1F', 542477.31, 'P', '400');
INSERT INTO `indicador` VALUES (1377, 202012, '1O', 9364.04, 'P', '400');
INSERT INTO `indicador` VALUES (1378, 202012, '44', 348092.03, 'P', '400');
INSERT INTO `indicador` VALUES (1379, 202012, '50', 222941.27, 'D', '400');
INSERT INTO `indicador` VALUES (1380, 202012, '60', 2999.32, 'D', '400');
INSERT INTO `indicador` VALUES (1381, 202012, '89', 3530.00, 'D', '400');
INSERT INTO `indicador` VALUES (1382, 202012, '1O', 536411.88, 'P', '500');
INSERT INTO `indicador` VALUES (1383, 202012, '44', 307458.56, 'P', '500');
INSERT INTO `indicador` VALUES (1384, 202012, '50', 178569.53, 'D', '500');
INSERT INTO `indicador` VALUES (1385, 202012, '60', 11260.44, 'D', '500');
INSERT INTO `indicador` VALUES (1386, 202013, '01', 35648120.00, 'P', '100');
INSERT INTO `indicador` VALUES (1387, 202013, '02', 52666.70, 'P', '100');
INSERT INTO `indicador` VALUES (1388, 202013, '04', 18131046.00, 'P', '100');
INSERT INTO `indicador` VALUES (1389, 202013, '05', 4687659.50, 'P', '100');
INSERT INTO `indicador` VALUES (1390, 202013, '09', 1101338.00, 'P', '100');
INSERT INTO `indicador` VALUES (1391, 202013, '10', 1231974.38, 'P', '100');
INSERT INTO `indicador` VALUES (1392, 202013, '11', 60186.53, 'P', '100');
INSERT INTO `indicador` VALUES (1393, 202013, '13', 887720.75, 'P', '100');
INSERT INTO `indicador` VALUES (1394, 202013, '14', 3794.60, 'P', '100');
INSERT INTO `indicador` VALUES (1395, 202013, '15', 1332272.50, 'P', '100');
INSERT INTO `indicador` VALUES (1396, 202013, '16', 64193.07, 'P', '100');
INSERT INTO `indicador` VALUES (1397, 202013, '17', 363443.59, 'P', '100');
INSERT INTO `indicador` VALUES (1398, 202013, '18', 55351.42, 'P', '100');
INSERT INTO `indicador` VALUES (1399, 202013, '19', 36689.00, 'P', '100');
INSERT INTO `indicador` VALUES (1400, 202013, '1O', 150921.89, 'P', '100');
INSERT INTO `indicador` VALUES (1401, 202013, '1R', 217634.73, 'P', '100');
INSERT INTO `indicador` VALUES (1402, 202013, '1S', 49148.54, 'P', '100');
INSERT INTO `indicador` VALUES (1403, 202013, '1T', 8271.66, 'P', '100');
INSERT INTO `indicador` VALUES (1404, 202013, '1X', 19500.00, 'P', '100');
INSERT INTO `indicador` VALUES (1405, 202013, '20', 2017.93, 'P', '100');
INSERT INTO `indicador` VALUES (1406, 202013, '21', 1000.00, 'P', '100');
INSERT INTO `indicador` VALUES (1407, 202013, '22', 57559.76, 'P', '100');
INSERT INTO `indicador` VALUES (1408, 202013, '23', 175.00, 'P', '100');
INSERT INTO `indicador` VALUES (1409, 202013, '24', 1473.00, 'P', '100');
INSERT INTO `indicador` VALUES (1410, 202013, '27', 1489364.38, 'P', '100');
INSERT INTO `indicador` VALUES (1411, 202013, '2D', 2308066.50, 'P', '100');
INSERT INTO `indicador` VALUES (1412, 202013, '2I', 151275.59, 'P', '100');
INSERT INTO `indicador` VALUES (1413, 202013, '2X', 155539.06, 'P', '100');
INSERT INTO `indicador` VALUES (1414, 202013, '30', 8953131.00, 'P', '100');
INSERT INTO `indicador` VALUES (1415, 202013, '31', 197753.69, 'P', '100');
INSERT INTO `indicador` VALUES (1416, 202013, '32', 0.00, 'P', '100');
INSERT INTO `indicador` VALUES (1417, 202013, '33', 14668.32, 'P', '100');
INSERT INTO `indicador` VALUES (1418, 202013, '34', 24375.00, 'P', '100');
INSERT INTO `indicador` VALUES (1419, 202013, '35', 127151.17, 'P', '100');
INSERT INTO `indicador` VALUES (1420, 202013, '36', 158271.36, 'P', '100');
INSERT INTO `indicador` VALUES (1421, 202013, '3A', 71349.60, 'P', '100');
INSERT INTO `indicador` VALUES (1422, 202013, '3B', 208058.00, 'P', '100');
INSERT INTO `indicador` VALUES (1423, 202013, '3C', 271075.19, 'P', '100');
INSERT INTO `indicador` VALUES (1424, 202013, '3Q', 184917.12, 'P', '100');
INSERT INTO `indicador` VALUES (1425, 202013, '3S', 114635.89, 'P', '100');
INSERT INTO `indicador` VALUES (1426, 202013, '3U', 829786.56, 'P', '100');
INSERT INTO `indicador` VALUES (1427, 202013, '40', 539276.94, 'P', '100');
INSERT INTO `indicador` VALUES (1428, 202013, '46', 534754.62, 'P', '100');
INSERT INTO `indicador` VALUES (1429, 202013, '4B', 3000.00, 'P', '100');
INSERT INTO `indicador` VALUES (1430, 202013, '50', 11611907.00, 'D', '100');
INSERT INTO `indicador` VALUES (1431, 202013, '52', 414904.81, 'D', '100');
INSERT INTO `indicador` VALUES (1432, 202013, '54', 5487.01, 'D', '100');
INSERT INTO `indicador` VALUES (1433, 202013, '56', 198703.20, 'D', '100');
INSERT INTO `indicador` VALUES (1434, 202013, '58', 1008.42, 'D', '100');
INSERT INTO `indicador` VALUES (1435, 202013, '59', 590.17, 'D', '100');
INSERT INTO `indicador` VALUES (1436, 202013, '60', 639102.75, 'D', '100');
INSERT INTO `indicador` VALUES (1437, 202013, '61', 13275.61, 'D', '100');
INSERT INTO `indicador` VALUES (1438, 202013, '62', 178500.00, 'D', '100');
INSERT INTO `indicador` VALUES (1439, 202013, '63', 6216184.50, 'D', '100');
INSERT INTO `indicador` VALUES (1440, 202013, '65', 437599.97, 'D', '100');
INSERT INTO `indicador` VALUES (1441, 202013, '66', 200090.41, 'D', '100');
INSERT INTO `indicador` VALUES (1442, 202013, '6C', 705392.81, 'D', '100');
INSERT INTO `indicador` VALUES (1443, 202013, '6D', 116731.56, 'D', '100');
INSERT INTO `indicador` VALUES (1444, 202013, '6F', 159170.94, 'D', '100');
INSERT INTO `indicador` VALUES (1445, 202013, '6G', 178557.44, 'D', '100');
INSERT INTO `indicador` VALUES (1446, 202013, '6L', 144172.97, 'D', '100');
INSERT INTO `indicador` VALUES (1447, 202013, '6M', 4795.69, 'D', '100');
INSERT INTO `indicador` VALUES (1448, 202013, '70', 7964.69, 'D', '100');
INSERT INTO `indicador` VALUES (1449, 202013, '71', 30.00, 'D', '100');
INSERT INTO `indicador` VALUES (1450, 202013, '72', 17041.00, 'D', '100');
INSERT INTO `indicador` VALUES (1451, 202013, '78', 13869.81, 'D', '100');
INSERT INTO `indicador` VALUES (1452, 202013, '79', 2315.00, 'D', '100');
INSERT INTO `indicador` VALUES (1453, 202013, '7E', 231475.42, 'D', '100');
INSERT INTO `indicador` VALUES (1454, 202013, '7G', 1260.92, 'D', '100');
INSERT INTO `indicador` VALUES (1455, 202013, '7H', 3079.02, 'D', '100');
INSERT INTO `indicador` VALUES (1456, 202013, '7I', 3033.72, 'D', '100');
INSERT INTO `indicador` VALUES (1457, 202013, '7L', 492.00, 'D', '100');
INSERT INTO `indicador` VALUES (1458, 202013, '7M', 47958.25, 'D', '100');
INSERT INTO `indicador` VALUES (1459, 202013, '7T', 4281.60, 'D', '100');
INSERT INTO `indicador` VALUES (1460, 202013, '7U', 6220.54, 'D', '100');
INSERT INTO `indicador` VALUES (1461, 202013, '7V', 8160.94, 'D', '100');
INSERT INTO `indicador` VALUES (1462, 202013, '7X', 460.00, 'D', '100');
INSERT INTO `indicador` VALUES (1463, 202013, '7Y', 9219.41, 'D', '100');
INSERT INTO `indicador` VALUES (1464, 202013, '81', 12214.01, 'D', '100');
INSERT INTO `indicador` VALUES (1465, 202013, '89', 129642.61, 'D', '100');
INSERT INTO `indicador` VALUES (1466, 202013, '8A', 2852.71, 'D', '100');
INSERT INTO `indicador` VALUES (1467, 202013, '8F', 2508.30, 'D', '100');
INSERT INTO `indicador` VALUES (1468, 202013, '8J', 40747.42, 'D', '100');
INSERT INTO `indicador` VALUES (1469, 202013, '8L', 55526.01, 'D', '100');
INSERT INTO `indicador` VALUES (1470, 202013, '8P', 22384.53, 'D', '100');
INSERT INTO `indicador` VALUES (1471, 202013, '8R', 71188.58, 'D', '100');
INSERT INTO `indicador` VALUES (1472, 202013, '8T', 7863.13, 'D', '100');
INSERT INTO `indicador` VALUES (1473, 202013, '8X', 63.50, 'D', '100');
INSERT INTO `indicador` VALUES (1474, 202013, '8Y', 6493.99, 'D', '100');
INSERT INTO `indicador` VALUES (1475, 202013, '8Z', 851.52, 'D', '100');
INSERT INTO `indicador` VALUES (1476, 202013, '90', 750.00, 'D', '100');
INSERT INTO `indicador` VALUES (1477, 202013, '92', 1759.38, 'D', '100');
INSERT INTO `indicador` VALUES (1478, 202013, '99', 235285.00, 'D', '100');
INSERT INTO `indicador` VALUES (1479, 202013, '9A', 200177.77, 'D', '100');
INSERT INTO `indicador` VALUES (1480, 202013, '9B', 7836.88, 'D', '100');
INSERT INTO `indicador` VALUES (1481, 202013, '9C', 490553.72, 'D', '100');
INSERT INTO `indicador` VALUES (1482, 202013, '9J', 44970.08, 'D', '100');
INSERT INTO `indicador` VALUES (1483, 202013, '9K', 200.00, 'D', '100');
INSERT INTO `indicador` VALUES (1484, 202013, '9Q', 150.00, 'D', '100');
INSERT INTO `indicador` VALUES (1485, 202013, '9W', 4775.00, 'D', '100');
INSERT INTO `indicador` VALUES (1486, 202013, '9X', 2560.49, 'D', '100');
INSERT INTO `indicador` VALUES (1487, 202013, '9Y', 884.42, 'D', '100');
INSERT INTO `indicador` VALUES (1488, 202013, '1F', 538823.31, 'P', '400');
INSERT INTO `indicador` VALUES (1489, 202013, '1O', 9364.04, 'P', '400');
INSERT INTO `indicador` VALUES (1490, 202013, '50', 132018.09, 'D', '400');
INSERT INTO `indicador` VALUES (1491, 202013, '60', 2112.61, 'D', '400');
INSERT INTO `indicador` VALUES (1492, 202013, '89', 3530.00, 'D', '400');
INSERT INTO `indicador` VALUES (1493, 202013, '03', 1939.02, 'P', '500');
INSERT INTO `indicador` VALUES (1494, 202013, '04', 44013.28, 'P', '500');
INSERT INTO `indicador` VALUES (1495, 202013, '1O', 530317.62, 'P', '500');
INSERT INTO `indicador` VALUES (1496, 202013, '50', 126538.26, 'D', '500');
INSERT INTO `indicador` VALUES (1497, 202013, '60', 7221.28, 'D', '500');
INSERT INTO `indicador` VALUES (1498, 202014, '01', 35569476.00, 'P', '100');
INSERT INTO `indicador` VALUES (1499, 202014, '02', 52666.70, 'P', '100');
INSERT INTO `indicador` VALUES (1500, 202014, '05', 4677212.50, 'P', '100');
INSERT INTO `indicador` VALUES (1501, 202014, '09', 1098573.12, 'P', '100');
INSERT INTO `indicador` VALUES (1502, 202014, '10', 1228404.62, 'P', '100');
INSERT INTO `indicador` VALUES (1503, 202014, '11', 60094.66, 'P', '100');
INSERT INTO `indicador` VALUES (1504, 202014, '13', 885778.06, 'P', '100');
INSERT INTO `indicador` VALUES (1505, 202014, '14', 3798.50, 'P', '100');
INSERT INTO `indicador` VALUES (1506, 202014, '15', 1332490.50, 'P', '100');
INSERT INTO `indicador` VALUES (1507, 202014, '16', 64193.07, 'P', '100');
INSERT INTO `indicador` VALUES (1508, 202014, '17', 362793.03, 'P', '100');
INSERT INTO `indicador` VALUES (1509, 202014, '18', 55206.72, 'P', '100');
INSERT INTO `indicador` VALUES (1510, 202014, '19', 36621.00, 'P', '100');
INSERT INTO `indicador` VALUES (1511, 202014, '1O', 150921.89, 'P', '100');
INSERT INTO `indicador` VALUES (1512, 202014, '1R', 217634.73, 'P', '100');
INSERT INTO `indicador` VALUES (1513, 202014, '1S', 49148.54, 'P', '100');
INSERT INTO `indicador` VALUES (1514, 202014, '1T', 8271.66, 'P', '100');
INSERT INTO `indicador` VALUES (1515, 202014, '1X', 19500.00, 'P', '100');
INSERT INTO `indicador` VALUES (1516, 202014, '20', 2017.93, 'P', '100');
INSERT INTO `indicador` VALUES (1517, 202014, '21', 1000.00, 'P', '100');
INSERT INTO `indicador` VALUES (1518, 202014, '22', 57531.32, 'P', '100');
INSERT INTO `indicador` VALUES (1519, 202014, '23', 175.00, 'P', '100');
INSERT INTO `indicador` VALUES (1520, 202014, '27', 1485833.50, 'P', '100');
INSERT INTO `indicador` VALUES (1521, 202014, '2D', 15121.50, 'P', '100');
INSERT INTO `indicador` VALUES (1522, 202014, '2I', 151275.59, 'P', '100');
INSERT INTO `indicador` VALUES (1523, 202014, '2X', 155573.81, 'P', '100');
INSERT INTO `indicador` VALUES (1524, 202014, '30', 8929459.00, 'P', '100');
INSERT INTO `indicador` VALUES (1525, 202014, '31', 197937.98, 'P', '100');
INSERT INTO `indicador` VALUES (1526, 202014, '32', 0.00, 'P', '100');
INSERT INTO `indicador` VALUES (1527, 202014, '33', 14668.32, 'P', '100');
INSERT INTO `indicador` VALUES (1528, 202014, '34', 24375.00, 'P', '100');
INSERT INTO `indicador` VALUES (1529, 202014, '35', 127040.53, 'P', '100');
INSERT INTO `indicador` VALUES (1530, 202014, '36', 157764.08, 'P', '100');
INSERT INTO `indicador` VALUES (1531, 202014, '3A', 71349.60, 'P', '100');
INSERT INTO `indicador` VALUES (1532, 202014, '3B', 294003.12, 'P', '100');
INSERT INTO `indicador` VALUES (1533, 202014, '3Q', 184557.31, 'P', '100');
INSERT INTO `indicador` VALUES (1534, 202014, '3S', 114345.39, 'P', '100');
INSERT INTO `indicador` VALUES (1535, 202014, '3U', 828028.88, 'P', '100');
INSERT INTO `indicador` VALUES (1536, 202014, '40', 539782.38, 'P', '100');
INSERT INTO `indicador` VALUES (1537, 202014, '46', 535250.75, 'P', '100');
INSERT INTO `indicador` VALUES (1538, 202014, '4B', 3000.00, 'P', '100');
INSERT INTO `indicador` VALUES (1539, 202014, '50', 7767752.50, 'D', '100');
INSERT INTO `indicador` VALUES (1540, 202014, '52', 414398.34, 'D', '100');
INSERT INTO `indicador` VALUES (1541, 202014, '54', 5487.01, 'D', '100');
INSERT INTO `indicador` VALUES (1542, 202014, '56', 198703.20, 'D', '100');
INSERT INTO `indicador` VALUES (1543, 202014, '58', 1008.42, 'D', '100');
INSERT INTO `indicador` VALUES (1544, 202014, '59', 590.17, 'D', '100');
INSERT INTO `indicador` VALUES (1545, 202014, '60', 486517.62, 'D', '100');
INSERT INTO `indicador` VALUES (1546, 202014, '61', 7646.41, 'D', '100');
INSERT INTO `indicador` VALUES (1547, 202014, '62', 178500.00, 'D', '100');
INSERT INTO `indicador` VALUES (1548, 202014, '63', 6204471.00, 'D', '100');
INSERT INTO `indicador` VALUES (1549, 202014, '65', 435943.97, 'D', '100');
INSERT INTO `indicador` VALUES (1550, 202014, '66', 189796.27, 'D', '100');
INSERT INTO `indicador` VALUES (1551, 202014, '6C', 689996.12, 'D', '100');
INSERT INTO `indicador` VALUES (1552, 202014, '6D', 116715.92, 'D', '100');
INSERT INTO `indicador` VALUES (1553, 202014, '6F', 159170.94, 'D', '100');
INSERT INTO `indicador` VALUES (1554, 202014, '6G', 178557.44, 'D', '100');
INSERT INTO `indicador` VALUES (1555, 202014, '6L', 144172.97, 'D', '100');
INSERT INTO `indicador` VALUES (1556, 202014, '6M', 4795.69, 'D', '100');
INSERT INTO `indicador` VALUES (1557, 202014, '70', 7964.69, 'D', '100');
INSERT INTO `indicador` VALUES (1558, 202014, '71', 30.00, 'D', '100');
INSERT INTO `indicador` VALUES (1559, 202014, '72', 17041.00, 'D', '100');
INSERT INTO `indicador` VALUES (1560, 202014, '78', 13869.81, 'D', '100');
INSERT INTO `indicador` VALUES (1561, 202014, '79', 2315.00, 'D', '100');
INSERT INTO `indicador` VALUES (1562, 202014, '7E', 230624.73, 'D', '100');
INSERT INTO `indicador` VALUES (1563, 202014, '7G', 1260.92, 'D', '100');
INSERT INTO `indicador` VALUES (1564, 202014, '7H', 2480.22, 'D', '100');
INSERT INTO `indicador` VALUES (1565, 202014, '7I', 3033.72, 'D', '100');
INSERT INTO `indicador` VALUES (1566, 202014, '7L', 492.00, 'D', '100');
INSERT INTO `indicador` VALUES (1567, 202014, '7M', 47958.25, 'D', '100');
INSERT INTO `indicador` VALUES (1568, 202014, '7T', 4281.60, 'D', '100');
INSERT INTO `indicador` VALUES (1569, 202014, '7U', 6220.54, 'D', '100');
INSERT INTO `indicador` VALUES (1570, 202014, '7V', 6216.03, 'D', '100');
INSERT INTO `indicador` VALUES (1571, 202014, '7X', 460.00, 'D', '100');
INSERT INTO `indicador` VALUES (1572, 202014, '7Y', 9219.41, 'D', '100');
INSERT INTO `indicador` VALUES (1573, 202014, '81', 12214.01, 'D', '100');
INSERT INTO `indicador` VALUES (1574, 202014, '89', 129265.61, 'D', '100');
INSERT INTO `indicador` VALUES (1575, 202014, '8A', 1345.75, 'D', '100');
INSERT INTO `indicador` VALUES (1576, 202014, '8F', 2508.30, 'D', '100');
INSERT INTO `indicador` VALUES (1577, 202014, '8J', 39928.19, 'D', '100');
INSERT INTO `indicador` VALUES (1578, 202014, '8L', 55526.01, 'D', '100');
INSERT INTO `indicador` VALUES (1579, 202014, '8P', 22384.53, 'D', '100');
INSERT INTO `indicador` VALUES (1580, 202014, '8R', 68922.78, 'D', '100');
INSERT INTO `indicador` VALUES (1581, 202014, '8T', 7863.13, 'D', '100');
INSERT INTO `indicador` VALUES (1582, 202014, '8X', 63.50, 'D', '100');
INSERT INTO `indicador` VALUES (1583, 202014, '8Y', 6493.99, 'D', '100');
INSERT INTO `indicador` VALUES (1584, 202014, '8Z', 650.17, 'D', '100');
INSERT INTO `indicador` VALUES (1585, 202014, '90', 750.00, 'D', '100');
INSERT INTO `indicador` VALUES (1586, 202014, '92', 1759.38, 'D', '100');
INSERT INTO `indicador` VALUES (1587, 202014, '99', 235285.00, 'D', '100');
INSERT INTO `indicador` VALUES (1588, 202014, '9A', 200177.77, 'D', '100');
INSERT INTO `indicador` VALUES (1589, 202014, '9B', 7836.88, 'D', '100');
INSERT INTO `indicador` VALUES (1590, 202014, '9C', 489837.50, 'D', '100');
INSERT INTO `indicador` VALUES (1591, 202014, '9J', 44420.09, 'D', '100');
INSERT INTO `indicador` VALUES (1592, 202014, '9K', 200.00, 'D', '100');
INSERT INTO `indicador` VALUES (1593, 202014, '9Q', 150.00, 'D', '100');
INSERT INTO `indicador` VALUES (1594, 202014, '9W', 4770.00, 'D', '100');
INSERT INTO `indicador` VALUES (1595, 202014, '9X', 2560.49, 'D', '100');
INSERT INTO `indicador` VALUES (1596, 202014, '9Y', 884.42, 'D', '100');
INSERT INTO `indicador` VALUES (1597, 202014, '1F', 538823.31, 'P', '400');
INSERT INTO `indicador` VALUES (1598, 202014, '1O', 9364.04, 'P', '400');
INSERT INTO `indicador` VALUES (1599, 202014, '50', 131270.81, 'D', '400');
INSERT INTO `indicador` VALUES (1600, 202014, '60', 2112.61, 'D', '400');
INSERT INTO `indicador` VALUES (1601, 202014, '89', 3530.00, 'D', '400');
INSERT INTO `indicador` VALUES (1602, 202014, '1O', 530317.62, 'P', '500');
INSERT INTO `indicador` VALUES (1603, 202014, '50', 112839.26, 'D', '500');
INSERT INTO `indicador` VALUES (1604, 202014, '60', 6284.69, 'D', '500');
INSERT INTO `indicador` VALUES (1605, 202015, '01', 35491924.00, 'P', '100');
INSERT INTO `indicador` VALUES (1606, 202015, '02', 52666.70, 'P', '100');
INSERT INTO `indicador` VALUES (1607, 202015, '05', 4677212.50, 'P', '100');
INSERT INTO `indicador` VALUES (1608, 202015, '09', 1097623.12, 'P', '100');
INSERT INTO `indicador` VALUES (1609, 202015, '10', 1227433.38, 'P', '100');
INSERT INTO `indicador` VALUES (1610, 202015, '11', 60094.66, 'P', '100');
INSERT INTO `indicador` VALUES (1611, 202015, '13', 885167.00, 'P', '100');
INSERT INTO `indicador` VALUES (1612, 202015, '14', 3794.60, 'P', '100');
INSERT INTO `indicador` VALUES (1613, 202015, '15', 1332449.00, 'P', '100');
INSERT INTO `indicador` VALUES (1614, 202015, '16', 64193.07, 'P', '100');
INSERT INTO `indicador` VALUES (1615, 202015, '17', 362460.34, 'P', '100');
INSERT INTO `indicador` VALUES (1616, 202015, '18', 55151.82, 'P', '100');
INSERT INTO `indicador` VALUES (1617, 202015, '19', 36621.00, 'P', '100');
INSERT INTO `indicador` VALUES (1618, 202015, '1O', 150921.89, 'P', '100');
INSERT INTO `indicador` VALUES (1619, 202015, '1R', 217634.73, 'P', '100');
INSERT INTO `indicador` VALUES (1620, 202015, '1S', 49148.54, 'P', '100');
INSERT INTO `indicador` VALUES (1621, 202015, '1T', 8271.66, 'P', '100');
INSERT INTO `indicador` VALUES (1622, 202015, '1X', 19500.00, 'P', '100');
INSERT INTO `indicador` VALUES (1623, 202015, '20', 2017.93, 'P', '100');
INSERT INTO `indicador` VALUES (1624, 202015, '21', 1000.00, 'P', '100');
INSERT INTO `indicador` VALUES (1625, 202015, '22', 57531.32, 'P', '100');
INSERT INTO `indicador` VALUES (1626, 202015, '23', 175.00, 'P', '100');
INSERT INTO `indicador` VALUES (1627, 202015, '27', 1484530.00, 'P', '100');
INSERT INTO `indicador` VALUES (1628, 202015, '2I', 151275.59, 'P', '100');
INSERT INTO `indicador` VALUES (1629, 202015, '2X', 155539.06, 'P', '100');
INSERT INTO `indicador` VALUES (1630, 202015, '30', 8921523.00, 'P', '100');
INSERT INTO `indicador` VALUES (1631, 202015, '31', 197753.69, 'P', '100');
INSERT INTO `indicador` VALUES (1632, 202015, '32', 0.00, 'P', '100');
INSERT INTO `indicador` VALUES (1633, 202015, '33', 14668.32, 'P', '100');
INSERT INTO `indicador` VALUES (1634, 202015, '34', 24375.00, 'P', '100');
INSERT INTO `indicador` VALUES (1635, 202015, '35', 127040.53, 'P', '100');
INSERT INTO `indicador` VALUES (1636, 202015, '36', 157764.08, 'P', '100');
INSERT INTO `indicador` VALUES (1637, 202015, '3A', 71349.60, 'P', '100');
INSERT INTO `indicador` VALUES (1638, 202015, '3Q', 184557.31, 'P', '100');
INSERT INTO `indicador` VALUES (1639, 202015, '3S', 114193.39, 'P', '100');
INSERT INTO `indicador` VALUES (1640, 202015, '3U', 827365.00, 'P', '100');
INSERT INTO `indicador` VALUES (1641, 202015, '40', 539276.94, 'P', '100');
INSERT INTO `indicador` VALUES (1642, 202015, '46', 534754.62, 'P', '100');
INSERT INTO `indicador` VALUES (1643, 202015, '4B', 3000.00, 'P', '100');
INSERT INTO `indicador` VALUES (1644, 202015, '50', 7689590.50, 'D', '100');
INSERT INTO `indicador` VALUES (1645, 202015, '52', 414064.28, 'D', '100');
INSERT INTO `indicador` VALUES (1646, 202015, '54', 4046.12, 'D', '100');
INSERT INTO `indicador` VALUES (1647, 202015, '56', 198703.20, 'D', '100');
INSERT INTO `indicador` VALUES (1648, 202015, '58', 1008.42, 'D', '100');
INSERT INTO `indicador` VALUES (1649, 202015, '59', 590.17, 'D', '100');
INSERT INTO `indicador` VALUES (1650, 202015, '60', 485875.97, 'D', '100');
INSERT INTO `indicador` VALUES (1651, 202015, '61', 3512.35, 'D', '100');
INSERT INTO `indicador` VALUES (1652, 202015, '62', 178500.00, 'D', '100');
INSERT INTO `indicador` VALUES (1653, 202015, '63', 6199648.50, 'D', '100');
INSERT INTO `indicador` VALUES (1654, 202015, '65', 435276.38, 'D', '100');
INSERT INTO `indicador` VALUES (1655, 202015, '66', 186599.09, 'D', '100');
INSERT INTO `indicador` VALUES (1656, 202015, '6C', 583178.12, 'D', '100');
INSERT INTO `indicador` VALUES (1657, 202015, '6D', 116715.92, 'D', '100');
INSERT INTO `indicador` VALUES (1658, 202015, '6F', 159170.94, 'D', '100');
INSERT INTO `indicador` VALUES (1659, 202015, '6G', 178557.44, 'D', '100');
INSERT INTO `indicador` VALUES (1660, 202015, '6L', 144172.97, 'D', '100');
INSERT INTO `indicador` VALUES (1661, 202015, '6M', 4795.69, 'D', '100');
INSERT INTO `indicador` VALUES (1662, 202015, '70', 7964.69, 'D', '100');
INSERT INTO `indicador` VALUES (1663, 202015, '71', 30.00, 'D', '100');
INSERT INTO `indicador` VALUES (1664, 202015, '72', 17041.00, 'D', '100');
INSERT INTO `indicador` VALUES (1665, 202015, '78', 13869.81, 'D', '100');
INSERT INTO `indicador` VALUES (1666, 202015, '79', 2315.00, 'D', '100');
INSERT INTO `indicador` VALUES (1667, 202015, '7E', 225205.95, 'D', '100');
INSERT INTO `indicador` VALUES (1668, 202015, '7G', 1260.92, 'D', '100');
INSERT INTO `indicador` VALUES (1669, 202015, '7H', 1947.09, 'D', '100');
INSERT INTO `indicador` VALUES (1670, 202015, '7I', 3033.72, 'D', '100');
INSERT INTO `indicador` VALUES (1671, 202015, '7L', 492.00, 'D', '100');
INSERT INTO `indicador` VALUES (1672, 202015, '7M', 47958.25, 'D', '100');
INSERT INTO `indicador` VALUES (1673, 202015, '7T', 4281.60, 'D', '100');
INSERT INTO `indicador` VALUES (1674, 202015, '7U', 6220.54, 'D', '100');
INSERT INTO `indicador` VALUES (1675, 202015, '7V', 6216.03, 'D', '100');
INSERT INTO `indicador` VALUES (1676, 202015, '7X', 460.00, 'D', '100');
INSERT INTO `indicador` VALUES (1677, 202015, '7Y', 9219.41, 'D', '100');
INSERT INTO `indicador` VALUES (1678, 202015, '81', 12214.01, 'D', '100');
INSERT INTO `indicador` VALUES (1679, 202015, '89', 129164.61, 'D', '100');
INSERT INTO `indicador` VALUES (1680, 202015, '8A', 1345.75, 'D', '100');
INSERT INTO `indicador` VALUES (1681, 202015, '8F', 2508.30, 'D', '100');
INSERT INTO `indicador` VALUES (1682, 202015, '8J', 37174.79, 'D', '100');
INSERT INTO `indicador` VALUES (1683, 202015, '8L', 60009.64, 'D', '100');
INSERT INTO `indicador` VALUES (1684, 202015, '8P', 22384.53, 'D', '100');
INSERT INTO `indicador` VALUES (1685, 202015, '8R', 68922.78, 'D', '100');
INSERT INTO `indicador` VALUES (1686, 202015, '8T', 7663.13, 'D', '100');
INSERT INTO `indicador` VALUES (1687, 202015, '8X', 63.50, 'D', '100');
INSERT INTO `indicador` VALUES (1688, 202015, '8Y', 6493.99, 'D', '100');
INSERT INTO `indicador` VALUES (1689, 202015, '8Z', 649.85, 'D', '100');
INSERT INTO `indicador` VALUES (1690, 202015, '90', 750.00, 'D', '100');
INSERT INTO `indicador` VALUES (1691, 202015, '92', 1759.38, 'D', '100');
INSERT INTO `indicador` VALUES (1692, 202015, '99', 235285.00, 'D', '100');
INSERT INTO `indicador` VALUES (1693, 202015, '9A', 200177.77, 'D', '100');
INSERT INTO `indicador` VALUES (1694, 202015, '9B', 7836.88, 'D', '100');
INSERT INTO `indicador` VALUES (1695, 202015, '9C', 489894.00, 'D', '100');
INSERT INTO `indicador` VALUES (1696, 202015, '9J', 44420.09, 'D', '100');
INSERT INTO `indicador` VALUES (1697, 202015, '9K', 200.00, 'D', '100');
INSERT INTO `indicador` VALUES (1698, 202015, '9Q', 150.00, 'D', '100');
INSERT INTO `indicador` VALUES (1699, 202015, '9W', 4770.00, 'D', '100');
INSERT INTO `indicador` VALUES (1700, 202015, '9X', 2560.49, 'D', '100');
INSERT INTO `indicador` VALUES (1701, 202015, '9Y', 884.42, 'D', '100');
INSERT INTO `indicador` VALUES (1702, 202015, '1F', 538823.31, 'P', '400');
INSERT INTO `indicador` VALUES (1703, 202015, '1O', 9364.04, 'P', '400');
INSERT INTO `indicador` VALUES (1704, 202015, '50', 131270.81, 'D', '400');
INSERT INTO `indicador` VALUES (1705, 202015, '60', 2112.61, 'D', '400');
INSERT INTO `indicador` VALUES (1706, 202015, '89', 3530.00, 'D', '400');
INSERT INTO `indicador` VALUES (1707, 202015, '1O', 530317.62, 'P', '500');
INSERT INTO `indicador` VALUES (1708, 202015, '50', 112839.26, 'D', '500');
INSERT INTO `indicador` VALUES (1709, 202015, '60', 6284.69, 'D', '500');

-- ----------------------------
-- Table structure for usuarios
-- ----------------------------
DROP TABLE IF EXISTS `usuarios`;
CREATE TABLE `usuarios`  (
  `id_usuarios` int(3) NULL DEFAULT NULL,
  `clave_user` char(15) CHARACTER SET latin1 COLLATE latin1_swedish_ci NULL DEFAULT NULL,
  `nom_user` char(100) CHARACTER SET latin1 COLLATE latin1_swedish_ci NULL DEFAULT NULL,
  `clave_pwd` varchar(255) CHARACTER SET latin1 COLLATE latin1_swedish_ci NULL DEFAULT NULL,
  `activo` int(1) NULL DEFAULT NULL
) ENGINE = InnoDB CHARACTER SET = latin1 COLLATE = latin1_swedish_ci ROW_FORMAT = Dynamic;

-- ----------------------------
-- Records of usuarios
-- ----------------------------
INSERT INTO `usuarios` VALUES (1, 'reaj710128', 'J Guadalupe del Real', 'admin123', 1);

SET FOREIGN_KEY_CHECKS = 1;
